"sentiment","user_review"
"Neutral","Pixel watch 1.Has anyone in the UK received the march update for their watch? Mine stills says November 2024, been trying to force the update through the settings but nothing is showing up just yet."
"Neutral","Pixel's 80% charge limit bug reappears in Android 16 Beta 2.nan"
"Neutral","Android 16 Beta 3 Day!! What do you expect?.So what do you guys expect from A216 Beta 3 which will be dropping shortly?"
"Neutral","Running Google Gemma 3 (1B) through Ollama, directly from Google Terminal on my Google Pixel 9 Pro Fold.nan"
"Neutral","Pixel Watch 3 update?.My Pixel Watch 3 is still on the November feature update. I can't get it to update past that. Anyone else experiencing this? "
"Neutral","5 unique ways I use Android 15's Private Space that aren't for porn or cheating.nan"
"Neutral","Android's extra Pixel 6 and Pixel 7 updates weren‚Äôt just because of Tensor.nan"
"Neutral","Pixel 6 screen shows ""burn in"" marks after using car's wireless charger for hours. The burns are the same shape as under-screen components (finger print reader, etc).Is the wireless charger simply have too high wattage or something?Any idea how to check whether it's really the car that burned the screen? I simply charge my phone there again and see whether the burns gets more visible? "
"Neutral","Android's extra Pixel 6 and Pixel 7 updates weren‚Äôt just because of Tensor.nan"
"Neutral","Android 15 update. on google Pixel 7..i know I'm a little late to the show but can someone tell me if its okay to update my pixel 7 to android 15. I've been reading so many comments and the problems people mentioned and i wanted to know if its okay to update my phone now..."
"Neutral","Google rolling out Pixel Camera 9.8 [Updated].nan"
"Neutral","Pixel 8 March Update Charging Issue.After the March 2025 feature update on the Pixel 8, the ""80% Charging Limit"" feature no longer works. Once the battery reaches 80%, the charging status text at the bottom of the lock screen disappears. In other words, the charging status is not displayed on the lock screen from 80% to 100%.This issue does not occur when using Adaptive Charging.Update: After I charged my Pixel 8 to 100% again and let it trickle charge for a while until the shield icon appeared next to the battery icon, the 80% charging limit started working again. I guess it‚Äôs not a bug but rather a battery percentage calibration after a system update. My apologies‚ÄîI wrongly blamed Google.Note: Anyone experiencing this issue must charge the battery to 100% and then make sure to continue charging until the shield icon appears on the battery icon and the ""Charging Complete"" message reappears at the bottom of the lock screen before unplugging the charger. The trickle charge after reaching 100% is crucial because it calibrates the battery‚Äîit‚Äôs not a mistake."
"Neutral","Google‚Äôs rumored 'Pixie' assistant coming to Pixel 10 as 'Pixel Sense'.nan"
"Neutral","Huawei P30 Pro EMUI 11 style launcher for Pixel 8 Pro?.I just purchased a Pixel 8 Pro and was wondering if there's a launcher that does edge launching by dragging the edge of the screen, so you can run multiple apps at once without closing the main app.  For example, I'm watching YouTube and want to respond to a message, I drag from the edge, select the message app, YouTube stays open and keeps playing, then I need to calculate something to respond to the message, so I drag from the edge again, select calculator. After running the numbers, I click the floating bubble to swap back to the messages app, respond to it, then ""x"" out of both messages and calculator. The whole time, YouTube is still open and playing.   I have a screen video showing what I mean but, Images & Video is greyed out for me.  "
"Neutral","Oh look. A feature removed in Android 12 is coming back as a ""new"" feature..https://www.androidauthority.com/icon-shape-customization-for-pixel-demo-3535248/"
"Neutral","P7P android 14.Do I update? What's the new features? Also when I press the white bar on the screen, it uses circle to search. What's that"
"Neutral","A question for those who recently purchased a new P9PXL.Recently - as in the last two months... What is your battery manufacture date? "
"Neutral","Just purchased my first Pixel device but....So I've been using my newly purchased pixel 7 and I'm loving it, but I've realized that the stickers that you are supposed to pull and (cut) in order for the box to be opened were not stuck to the box from one side. Which makes me believe the device was opened or used. I didn't notice any defects or fingerprints when I opened the fox. When I've asked the shop they said the device is brand new could it be that the device is old and maybe it was sitting on a shelve somewhere and the glue got weaker etc? Here are two pictures of the box https://imgur.com/a/4ymjuHm"
"Neutral","[Pixel 8] Where is the setting to charge up to 80 %?.I am not able to find it.Any tips?Thanks!"
"Neutral","Android 15 update. on google Pixel 7..i know I'm a little late to the show but can someone tell me if its okay to update my pixel 7 to android 15. I've been reading so many comments and the problems people mentioned and i wanted to know if its okay to update my phone now..."
"Neutral","Android 16 Beta continues work on Pixel 'Battery health'.nan"
"Neutral","Linux Terminal app, which was assumed to be available from Android 16 onwards, lands on the Pixel with current feature drop..This was already available in android 15 beta. You can activate it in the developer options as described here: [https://www.androidauthority.com/android-16-linux-terminal-doom-3521804/](https://www.androidauthority.com/android-16-linux-terminal-doom-3521804/)"
"Neutral","Android 16 Beta adds Pixel Battery health.nan"
"Neutral","Android 16 Beta 3 Day!! What do you expect?.So what do you guys expect from A216 Beta 3 which will be dropping shortly?"
"Neutral","Pixel's 80% charge limit bug reappears in Android 16 Beta 2.nan"
"Neutral","Sleep, driving, do not disturb and custom modes. Weren't they supposed to come with Android 16?.Updated to March pixel drop and I have them."
"Neutral","Pixel 9 limits to charging at 20 watts.I use the new 45 Watt Google charging brick with the cable that comes in the box and my phone never goes past 20watts while charging. Is there anything to do Abt it or does the pixel only charge at 27watts sometimes? "
"Neutral","Satellite SOS just turned on for me in Canada.At 3pm an hour ago I rebooted my phone and I got a pop-up saying satellite sos isn't available. then 20 seconds later it said it is available. I just did the test and it worked. I have the Android 16 beta installed on my 9 pro. I can't find anything on Google about this working in Canada yet."
"Neutral","What‚Äôs your current battery health?.With the March update, the hidden battery health indicator now seems to be working.Here‚Äôs how to access it:1. Download this app: [https://play.google.com/store/apps/details?id=de.szalkowski.activitylauncher&hl=en](https://play.google.com/store/apps/details?id=de.szalkowski.activitylauncher&hl=en)2. Open the app.3. Search for **""DeviceDiagnostics""** and select it.4. Under it, launch **"".MainActivity""**.5. Navigate to **""Component Health""** ‚Üí **""Battery Status""**.Here are my results:* **Health:** 97%* **Manufacturing Date:** July 20, 2024* **First Usage Date:** September 9, 2024* **Cycle Count:** 98 (averaging 0.55 cycles per day)I'm using a **Pixel 9 Pro (Non-XL)**.  What do your results show?"
"Neutral","Pixel 7 pictures became unsaturated and have less color.Does anyone encounter this issue with pixel cam v9.7.047.710329721.21, colors are washout and less saturated than normal, colors seems normal in viewfinder"
"Neutral","A question for those who recently purchased a new P9PXL.Recently - as in the last two months... What is your battery manufacture date? "
"Neutral","1 √∑ 0 = ‚ôæÔ∏è.nan"
"Neutral","Rated WeChat 1 star and got the opinion taken down the next day.nan"
"Neutral","Google 404 Typo: Not Found!!1.nan"
"Neutral","Hello! Why does this happen? Do I have to wait for it to completely load? (2 pictures).nan"
"Neutral","Android 16 Beta 3 released.nan"
"Neutral","Google Translate had a little tweak out when I asked it to translate 3 words from Japanese..nan"
"Neutral","Google uses data from 40 years ago without any context.nan"
"Neutral","Google Suppressing ‚ÄòGulf Of Mexico‚Äô Reviews.Sort by latest reviews and the newest one is a month old. My review criticizing Google for caving into the new administration only shows to me and only if I am logged in.Congratulations to the Broligarky for not only its hostile takeover of our government but also its takeover of Google. Nobody voted for the Gulf of America - this is just blatant narcissism, it‚Äôs not Nationalism. "
"Neutral","Google AI doing a cracking job.nan"
"Neutral","They removed the name of the gulf..nan"
"Neutral","Google Suppressing ‚ÄòGulf Of Mexico‚Äô Reviews.Sort by latest reviews and the newest one is a month old. My review criticizing Google for caving into the new administration only shows to me and only if I am logged in.Congratulations to the Broligarky for not only its hostile takeover of our government but also its takeover of Google. Nobody voted for the Gulf of America - this is just blatant narcissism, it‚Äôs not Nationalism. "
"Neutral","What is that? What should I do? Never got this letter before, using the account for 5 years or so.nan"
"Neutral","Google sees more than 5 trillion search annually.https://blog.google/products/ads-commerce/ai-personalization-and-the-future-of-shopping/"
"Neutral","Google News App everything is days old.Is anyone getting refreshed news this weekend? All my stories in the app are several days old. I checked with a few other people who have same thing going on. Clearing app cache and reinstalling app hasn't done anything. All if us have Pixels, but different models from 5 through 8. I haven't found any discussion of this on Reddit nor search results on google. Posting here to see if this is widespread or limited to certain devices. "
"Neutral","Google Suppressing ‚ÄòGulf Of Mexico‚Äô Reviews.Sort by latest reviews and the newest one is a month old. My review criticizing Google for caving into the new administration only shows to me and only if I am logged in.Congratulations to the Broligarky for not only its hostile takeover of our government but also its takeover of Google. Nobody voted for the Gulf of America - this is just blatant narcissism, it‚Äôs not Nationalism. "
"Neutral","Google uses data from 40 years ago without any context.nan"
"Neutral","Google Suppressing ‚ÄòGulf Of Mexico‚Äô Reviews.Sort by latest reviews and the newest one is a month old. My review criticizing Google for caving into the new administration only shows to me and only if I am logged in.Congratulations to the Broligarky for not only its hostile takeover of our government but also its takeover of Google. Nobody voted for the Gulf of America - this is just blatant narcissism, it‚Äôs not Nationalism. "
"Neutral","Qualcomm and Google team up to offer 8 years of Android updates.nan"
"Neutral","History reminder.https://preview.redd.it/vrwx8yd48tie1.png?width=526&format=png&auto=webp&s=b85bc88ce89ea3ffcb6c489b694401e5e6a8b45eDear Google team you need a reminder of history, and please stop listening to nazis.  This is why its called the Gulf of Mexico "
"Neutral","Google News App everything is days old.Is anyone getting refreshed news this weekend? All my stories in the app are several days old. I checked with a few other people who have same thing going on. Clearing app cache and reinstalling app hasn't done anything. All if us have Pixels, but different models from 5 through 8. I haven't found any discussion of this on Reddit nor search results on google. Posting here to see if this is widespread or limited to certain devices. "
"Neutral","Gogle hs rmoved Hoocast Rememernc month frm. Its Calndar.nan"
"Neutral","10% off codes for Google Pixel phones on Google Store, codes expire July 1st 2025.10% off on Pixel phones thru the Google Store, codes expire July 1st 2025REF-ME0J3X1LSNDTGXWKEVITP2AREF-ZG1Q6LWUC9GFP6P306242SXREF-J89JJBVU817ZQJVQGFDQTFKREF-EIJU78CA1IF8HEFYEM2BG41REF-7QXL3M7OGPMLGIYW3PD8U64REF-NQDZ169J5GO8AKQBAO9906LREF-NFGG46RTGUIB71PTTB5M3J8"
"Neutral","10% OFF on US Google Store. Codes are still valid..REF-LEU91ERRA0V9H570GKGPHPJREF-TMB4JIHQF6YYYXIF6MY68GKREF-GTKXD9KM88MASJIMOSCGJX7REF-UK6UXG23L48KA47TT84VBWVREF-PSHAFIF78LR4WJKNSJY7NG6REF-0SM8L0ZP7NG7CMZ9QNS9S2VREF-AWPCMXUWJ6FV2SG2G2GURV2"
"Neutral","Google‚Äôs AI-powered Pixel Sense app could gobble up all your Pixel 10 data | The app will reportedly offer contextual suggestions as you use the phone..nan"
"Neutral","10% off of already discounted phones and accessories on G Store.Use the below codes for 10% off only on US Google Store.REF-QK7GIH12UI71ZZ4E56POF5O REF-TMB4JIHQF6YYYXIF6MY68GK REF-GTKXD9KM88MASJIMOSCGJX7 REF-UK6UXG23L48KA47TT84VBWV REF-PSHAFIF78LR4WJKNSJY7NG6REF-0SM8L0ZP7NG7CMZ9QNS9S2V REF-OID3YYV986QVPBYX3MZDZQ8 REF-AWPCMXUWJ6FV2SG2G2GURV2 REF-WADI8WBBT3J5YMWMPD7598A"
"Neutral","btw they removed lgb and bh month from the calendar.nan"
"Neutral","Why is it still in my regional language even after choosing english Pls help.nan"
"Neutral","Google‚Äôs Head of Android on Gemini in your phone, Android 16's early release, the Pixel 6's extra life, and more.nan"
"Neutral","71% oppose misnaming the Gulf of Mexico..https://law.marquette.edu/poll/2025/02/12/new-marquette-law-school-poll-national-survey-finds-public-strongly-favors-some-trump-policies-strongly-opposes-others/"
"Neutral","Fitbit pays $12.25M to settle smartwatch burning claims.nan"
"Neutral","What is this 'cursor' on Pixel ? ü§î.nan"
"Neutral","History reminder.https://preview.redd.it/vrwx8yd48tie1.png?width=526&format=png&auto=webp&s=b85bc88ce89ea3ffcb6c489b694401e5e6a8b45eDear Google team you need a reminder of history, and please stop listening to nazis.  This is why its called the Gulf of Mexico "
"Neutral","Google search images are not loading properly at all.nan"
"Neutral","Gogle hs rmoved Hoocast Rememernc month frm. Its Calndar.nan"
"Neutral","google has become slop.https://preview.redd.it/fowx9letgpoe1.png?width=1920&format=png&auto=webp&s=8628424bbbd5780c1e51fb62d626b5eaaf7dd507what ever happened to the ""no results"" page"
"Neutral","Alphabet 04 2024 Financial Performance.nan"
"Neutral","cant see whats in the images, is it possible to make it shown bigger?? help.nan"
"Neutral","Another Earthquake without Android warning.If Google Earthquake Android alerts don't work, why do they have them at all?    That's the second event in less than a year an Google did nothinghttps://preview.redd.it/tkqxv8bhgpje1.png?width=714&format=png&auto=webp&s=a4a85253dd85237297372939a78fc4d8da4be828"
"Neutral","YouTube is officially 20 years old.nan"
"Neutral","Google AI Overview.nan"
"Neutral","google has become slop.https://preview.redd.it/fowx9letgpoe1.png?width=1920&format=png&auto=webp&s=8628424bbbd5780c1e51fb62d626b5eaaf7dd507what ever happened to the ""no results"" page"
"Neutral","Maximum Number of Accounts.Is there any way to add more than 10 accounts to a single Google profile? I work for an agency and have 15 clients but can only have 10 accounts on my profile at a time. "
"Neutral","Gogle hs rmoved Hoocast Rememernc month frm. Its Calndar.nan"
"Neutral","I finally did it..played the lunar moon game on google for this month and got ALL the cards!.nan"
"Neutral","Out of storage.Google says I have nearly 10 gb in google photos but I have nowhere near that amount and I can't find anything to delete"
"Neutral","Android 16 Beta 3 released.nan"
"Neutral","Google Maps Will Never Be the Same: First App to Use Android 16.nan"
"Neutral","Android 16 Beta 2 released!.nan"
"Neutral","Google clossed my pages :(.nan"
"Neutral","cant see whats in the images, is it possible to make it shown bigger?? help.nan"
"Neutral","Def Not Prince.nan"
"Neutral","I Verify my Age but cant download 18+ apps..So I Verify my Age in google, and I coud download Age restricted apps for like, one day, but now, when I checked I cant download them again. So what shoud I do? Age is verified, so I cant do it again, but the apps are locked again."
"Neutral","google has become slop.https://preview.redd.it/fowx9letgpoe1.png?width=1920&format=png&auto=webp&s=8628424bbbd5780c1e51fb62d626b5eaaf7dd507what ever happened to the ""no results"" page"
"Neutral","YouTube is officially 20 years old.nan"
"Neutral","Google Maps ‚Äòalmost destroyed‚Äô Google when it went live 20 years ago.nan"
"Neutral","google has become slop.https://preview.redd.it/fowx9letgpoe1.png?width=1920&format=png&auto=webp&s=8628424bbbd5780c1e51fb62d626b5eaaf7dd507what ever happened to the ""no results"" page"
"Neutral","Google AI.Randomly searched this up after reading about Trump‚Äôs reciprocal taxes on Japanese automobiles."
"Neutral","Why is it still in my regional language even after choosing english Pls help.nan"
"Neutral","Lack of diversity in google image results.I recently noticed a round black spot on my skin and I checked on google to find out if they‚Äôd be similar pictures like what I have. All the images were of people with lighter skin with reddish/pinkish spots. I have noticed that a lot when it comes to skin searches, the results seem to ave catered to mostly people with lighter skin. "
"Neutral","google has become slop.https://preview.redd.it/fowx9letgpoe1.png?width=1920&format=png&auto=webp&s=8628424bbbd5780c1e51fb62d626b5eaaf7dd507what ever happened to the ""no results"" page"
"Neutral","cant see whats in the images, is it possible to make it shown bigger?? help.nan"
"Neutral","As expected, Google can't get it right..nan"
"Neutral","cant see whats in the images, is it possible to make it shown bigger?? help.nan"
"Neutral","Def Not Prince.nan"
"Neutral","AI Overview consciousness exists in the future.Search result from 2/22/25"
"Neutral","Google‚Äôs Sergey Brin Says Engineers Should Work 60-Hour Weeks in Office to Build AI That Could Replace Them.nan"
"Neutral","Google News App everything is days old.Is anyone getting refreshed news this weekend? All my stories in the app are several days old. I checked with a few other people who have same thing going on. Clearing app cache and reinstalling app hasn't done anything. All if us have Pixels, but different models from 5 through 8. I haven't found any discussion of this on Reddit nor search results on google. Posting here to see if this is widespread or limited to certain devices. "
"Neutral","AI Overview consciousness exists in the future.Search result from 2/22/25"
"Neutral","Alphabet 04 2024 Financial Performance.nan"
"Neutral","Hello! Why does this happen? Do I have to wait for it to completely load? (2 pictures).nan"
"Neutral","Google uses data from 40 years ago without any context.nan"
"Neutral","Out of storage.Google says I have nearly 10 gb in google photos but I have nowhere near that amount and I can't find anything to delete"
"Neutral","Alphabet 04 2024 Financial Performance.nan"
"Neutral","Google Images showing incorrect image.nan"
"Neutral","Google AI Overview.nan"
"Neutral","Alphabet 04 2024 Financial Performance.nan"
"Neutral","They removed the name of the gulf..nan"
"Neutral","Google uses data from 40 years ago without any context.nan"
"Neutral","Alphabet 04 2024 Financial Performance.nan"
"Neutral","cant see whats in the images, is it possible to make it shown bigger?? help.nan"
"Neutral","oogleHasrmoved Hoocast Rememerncmonth fm.Its Calendar.nan"
"Neutral","AI Overview consciousness exists in the future.Search result from 2/22/25"
"Neutral","oh no it broke again.nan"
"Neutral","Camera Comparison of the Pixel 9 & iPhone 16 Pro max, 1 Being Pixel, 2 Being iPhone.nan"
"Neutral","Camera Comparison of the Pixel 9 & iPhone 16 Pro max, 1 Being Pixel, 2 Being iPhone.nan"
"Neutral","16 Beta 2.Here it comes..Pixel 7 pro.Israel. "
"Neutral","uhm I just upgraded to Android 16 Beta 3....nan"
"Neutral","water dam shot on Pixel 3.nan"
"Neutral","3 pics taken by P9P.nan"
"Neutral","Android 16 Beta 3 released.nan"
"Neutral","show off your homescreen setup!.the app i used for the large folders is called ""Folder Widget"""
"Neutral","All Pixel 8 Pro screen protectors I tried (4) are a little bit too small. Has anyone tried the official one from Google Store?.nan"
"Neutral","Not accurate AI generated Google Pixel 8a, but it can generate the Pixel 4.nan"
"Neutral","I found all my Pixel boxes in the garage last night.nan"
"Neutral","Is this a joke?.I'm in Farenheight btw. The high isn't even 60 tomorrow, why is the AI weather report saying it's going to be a ""scorcher""? Reminds me of Carrot weather snarky weather report. "
"Neutral","How many apps do you have on your pixel?.Mine"
"Neutral","Shot on pixel 5.nan"
"Neutral","Google pixel 5.New battery "
"Neutral","Google pixel 5 battery.Has anyone here changed the pixel 5 battery?How much screen time and battery life is the battery getting after the replacement?"
"Neutral","Pixel 6 Pro unedited.nan"
"Neutral","Pixel 7 still holds up.nan"
"Neutral","Astrophotography Pixel 7 (North Straddie).Amazing what a three year, mid range phone and a beer bottle stand can do. "
"Neutral","Some random shots - Pixel 7 (no edits).nan"
"Neutral","From a recent trip to Thailand. Shot on my Pixel 7.nan"
"Neutral","Some pictures I took on the 7 pro.nan"
"Neutral","Decided to make a Panda Pixel 8 Pro.nan"
"Neutral","My lockscreen. Pixel 8..nan"
"Neutral","Anyone fancy a 10% off of any pixel phone from Google store, hit me up!.Need the email id to send referral, pic attached!"
"Neutral","Is this normal 10% in one 1h.I dont think this is normal. Any opinion?"
"Neutral","Decided to throw up a photo of my Phone collection... Pixel 9, iPhone 16P.M, 11, 10s Max, and One Plus 8T & 11!.nan"
"Neutral","Is this a joke?.I'm in Farenheight btw. The high isn't even 60 tomorrow, why is the AI weather report saying it's going to be a ""scorcher""? Reminds me of Carrot weather snarky weather report. "
"Neutral","Pixel 9a.Source: https://youtube.com/shorts/qlJdTW62nOc?si=QE7Uqt2YYP6DT26zhttps://youtube.com/@tecnologiaconalexis?si=Hq-1jVRc6119PExshttps://9to5google.com/2025/03/11/pixel-9a-leak-shows-off-camera/"
"Neutral","How many apps do you have on your pixel?.Mine"
"Neutral","Is this a joke?.I'm in Farenheight btw. The high isn't even 60 tomorrow, why is the AI weather report saying it's going to be a ""scorcher""? Reminds me of Carrot weather snarky weather report. "
"Neutral","My new home setup. What's yours?.I use a planned dark mode, and whenever it starts it also switches my wallpaper so that everything gets darker. For this, since there's not an option to automatically switch wallpaper with dark mode, I installed an app called Dual Wallpaper to do that for me."
"Neutral","What is this called and what is it used for?.Phone: Pixel 9I tried googling for the anatomy but I still couldn't find it "
"Neutral","uhm I just upgraded to Android 16 Beta 3....nan"
"Neutral","My new home setup. What's yours?.I use a planned dark mode, and whenever it starts it also switches my wallpaper so that everything gets darker. For this, since there's not an option to automatically switch wallpaper with dark mode, I installed an app called Dual Wallpaper to do that for me."
"Neutral","What is this called and what is it used for?.Phone: Pixel 9I tried googling for the anatomy but I still couldn't find it "
"Neutral","Let's see those Google Pixel home screens!.I'll go first."
"Neutral","15 years.We've come a long way... "
"Neutral","show off your homescreen setup!.the app i used for the large folders is called ""Folder Widget"""
"Neutral","It looks like the time change broke battery usage stats. It hasn't updated in almost 15 hours (Pixel 9 Pro XL)..nan"
"Neutral","Android 16 quick settings.nan"
"Neutral","Android 16 leaks.Your thoughts guys ? "
"Neutral","Leak of notification panel and battery icon on Android 16.For the source, I don't know why but it seems I can't insert telegram links, if you want to see for yourself the channel is on the watermark."
"Neutral","uhm I just upgraded to Android 16 Beta 3....nan"
"Neutral","Camera Comparison of the Pixel 9 & iPhone 16 Pro max, 1 Being Pixel, 2 Being iPhone.nan"
"Neutral","When is android 16 officially coming out?.nan"
"Neutral","Pixel 9a Official Box Leak.nan"
"Neutral","Let's see those Speed tests.US Pixel 7 on Spectrum Mobile/Verizon 5G. "
"Neutral","If only Google gave an option to makes these two dark...just a toggle would've done the job<:‚Å†-‚Å†(.nan"
"Neutral","Let's see those Google Pixel home screens!.I'll go first."
"Neutral","Android 16 quick settings.nan"
"Neutral","Is this normal 10% in one 1h.I dont think this is normal. Any opinion?"
"Neutral","I ""built"" this Arc Pulse-like case by sawing a 20$ frameless case in half, info in comments..nan"
"Neutral","I found all my Pixel boxes in the garage last night.nan"
"Neutral","0 new messages.Thanks for notifying me that I have 0 new messages in WhatsApp "
"Neutral","show off your homescreen setup!.the app i used for the large folders is called ""Folder Widget"""
"Neutral","Is this a joke?.I'm in Farenheight btw. The high isn't even 60 tomorrow, why is the AI weather report saying it's going to be a ""scorcher""? Reminds me of Carrot weather snarky weather report. "
"Neutral","Is this bs.This just popped up on my 9pro. Is it legit?"
"Neutral","Battery experience in New Pixel 9 pro.First week with my new pixel 9 pro. I'm wondering, is this battery behavior normal? "
"Neutral","Legitimate calls with history suddenly being screened WTF.nan"
"Neutral","Google is opening its first physical stores outside of the US in India..India is the Last place I expected to have Google store."
"Neutral","Pixel 9a Official Box Leak.nan"
"Neutral","How can I fix this?.I can barely read it. Is it a bug? "
"Neutral","Google is opening its first physical stores outside of the US in India..India is the Last place I expected to have Google store."
"Neutral","What do you guys think of emoji workshop backgrounds?.Does anyone of y'all use it? üó£Ô∏è"
"Neutral","Anyone fancy a 10% off of any pixel phone from Google store, hit me up!.Need the email id to send referral, pic attached!"
"Neutral","Pixel 8 battery life.I got full day listening to music, YouTube, Snapchat, texting, calling etc."
"Neutral","This HAS to be a glitch....What I'm the world? April 1st 2025? "
"Neutral","Pixel home.Rate my home screen "
"Neutral","Is this a joke?.I'm in Farenheight btw. The high isn't even 60 tomorrow, why is the AI weather report saying it's going to be a ""scorcher""? Reminds me of Carrot weather snarky weather report. "
"Neutral","15 years.We've come a long way... "
"Neutral","Rate My battery performance.How is my battery performance. This is my new pixel 8 pro . Four days old ."
"Neutral","Is this a joke?.I'm in Farenheight btw. The high isn't even 60 tomorrow, why is the AI weather report saying it's going to be a ""scorcher""? Reminds me of Carrot weather snarky weather report. "
"Neutral","Is this bs.This just popped up on my 9pro. Is it legit?"
"Neutral","Battery health.Is it normal for my battery health to be at 98% already after only 56 charging cycles?"
"Neutral","Pixel 9a in the wild!?.From YouTuber @technologiaconalexis while showing the Samsung S25 edge ....also shows the Pixel 9Ahttps://youtu.be/hZCj0gvJ1NA?si=3QfJuCypJxHjh2C4"
"Neutral","Custom notification shade on pixel phone.https://preview.redd.it/kx1ar9tbgvke1.jpg?width=716&format=pjpg&auto=webp&s=7f4c8ac8b74bad7c4e903f1723ebeebadfea4ac0So i found this pin (on Pinterest ) it shows homescreen setup of an stock android OS phone which is most likely an pixel phone with a different/custom notification shade (fourth photo).So if you guys know any way to have simmilar noti shade"
"Neutral","Google is opening its first physical stores outside of the US in India..India is the Last place I expected to have Google store."
"Neutral","Nothing phone (1) Bluetooth issues.nan"
"Neutral","Will snapdragon 7s gen 3 will be enough for Nothing phone 3a pro?.nan"
"Neutral","Voicemail (4).LGV60How do I change my voicemail language back to English?My phone malfunctioned when I dialed my voicemail."
"Neutral","How's fairphone 5?.Planning to buy a longest lifespan smartphone, how about fairphone?"
"Neutral","Pixel 7 vs Nothing 3a pro.I thinking about change my Pixel 7 to 3a proWhat are you thinking?"
"Neutral","OP 12 vs RM Pro 10.One Plus 12 - 12 gb ram/256 storage - 599‚Ç¨Red Magic Pro 10 - 12/256 - 649‚Ç¨Which one should I get?"
"Neutral","Sair de um Iphone 11 para qual?.Tenho um iPhone 11, j√° faz 3 anos e t√¥ pensando em sair dele. T√¥ com um or√ßamento de uma 2mil s√≥. Qual seria a melhor op√ß√£o? N√£o ligo tanto pra c√¢mera, s√≥ preciso de um bom desempenho para trabalhar e uma bateria √≥tima. Um Poco X7 normal? Um Moto Edge 50 Neo? O que acham? "
"Neutral","Sair do iPhone 11 pra um Poco X7 ou Moto Edge 50 Neo.Pessoal. T√¥ querendo sair do iPhone 11 pra um Poco X7 ou um Moto EDGE 40 Neo. Precisando principalmente de mais mem√≥ria, bateria e compatibilidade de aplicativos.Mas vem o medo de n√£o ser t√£o fluido como o iPhone √©. Nunca peguei um Android que n√£o desse uns travamentos.O que recomendam?"
"Neutral","Pixel 9 pro XL vs OnePlus 12/13r.I have pixel 6 pro right now. Like the phone overall, but it's been randomly throttling and overheating since day 1 and battery has never been great. I am thinking either one plus 12/13r or 9pro XL.I like big screen phones, great battery life, need 256gb of space and quick and smart device.Good cameras would be a plus but don't care much.Price wise, 9pro XL is absurd. 1000 bucks for 256gb (whoever thought 128gb flagship is a good idea should get fired). The only thing saving the deal is that they would give me up to $270 for a trade in.I never had one plus, not sure if I should get 12 or 13r, or maybe even go for 13 but not sure if it's worth extra money over the other 2.Any advices?"
"Neutral","OP 12 vs RM Pro 10.One Plus 12 - 12 gb ram/256 storage - 599‚Ç¨Red Magic Pro 10 - 12/256 - 649‚Ç¨Which one should I get?"
"Neutral","Does iqoo 13 have reverse wireless charging.nan"
"Neutral","Should I get iPhone 13 for 30 on cricket or S24 Fe for 99?.Can't decide between the two"
"Neutral","Dont ignoreü•≤ I phone 14 or 15 vs S24 plus.Help guys which one to buy i am very confusedI am getting s24 plus at 53k , 14 at 47k , 15 at 57k(inr)Also i am the one who never used i phone before>>My main priority is camera basically"
"Neutral","S25 256 gb - 700 euro or xiaomi 14 256gb - 570 euro. What to choose?.nan"
"Neutral","Iphone 13/14 pro vs Nothing 3a.Which one should I choose a used iphone 13/14 pro or new nothing phone 3a "
"Neutral","How long have you been using your current smartphone and when do you plan to switch?.I'm currently using iPhone 15 and don't plan to upgrade until iPhone 18 pro probably."
"Neutral","For which phone to change my note 20 ultra?.They're already 4 years old and I don't know if it's time to change it... what do you think?"
"Neutral","Battery cycle of 83?.Is a battery cycle of 83 a lot? I've had my Google Pixel 9 since November 27, 2024. I always charge it up to 80 percent."
"Neutral","Should I get iPhone 13 for 30 on cricket or S24 Fe for 99?.Can't decide between the two"
"Neutral","I need a new phone asap..I drowned my back up phone and need something before I go mad using this broken display on my prev phone.My question is, ss there some amazing 200-300 dollar phone about to release in near future?  The Realme 14 xxx will be expensive. Last Moto NEO was also more expensive than before. I expect 3a be 300+ at least and I would idealy like to dodge Xiaomi and curved glass phonesThis is where I am right now :  I found dirt cheap Redmi Note 13 5G 6GB which is just fine for whatever I need just now so its kinda hard to justify getting anything more expensive.  I was considering spending 30% more on G84 for ""better"" OS and more RAM, or 60% more for Realme 12+. Sadly the 13+ did not release here, otherwise thats what I would get.  Yesterday I found 2a for double the Note 13 price, with 8/128 and no expansion so I would prolly have to go for 12/256 as I have no issues abusing the Note 13 and throwing it out in 1-2 years, but the 2a I would prolly like to keep at least 3years."
"Neutral","33,000mAh battery runs fat smartphone for over 6 months on 1 charge.nan"
"Neutral","Mediatek releases Dimensity 6400 - It's just the Dimensity 6300 with a 0.1 GHz overclock from 2.4 GHz to 2.5 GHz on the Cortex A76 cores.nan"
"Neutral","Sony Xperia 1 VII to get Exmor T sensors for all cameras.nan"
"Neutral","Google rolling out Android 16 Beta 2.1 with Pixel bug fixes.nan"
"Neutral","Vo1d Botnet Resurfaces, Infects 1.6 Million Android TVs Worldwide.nan"
"Neutral","Google Pixel Watch Update for March 2025 brings Wear OS 5.1 based on Android 15.nan"
"Neutral","A Note About Our Foldable Strategy for 2025 ‚Äì Recalibrating for Innovation.nan"
"Neutral","Android 16 Beta 2 lets you double press the power button to open Google Wallet.nan"
"Neutral","Android 16 Beta 2 forces apps to go edge-to-edge and enhances Ultra HDR.nan"
"Neutral","Mediatek releases Dimensity 6400 - It's just the Dimensity 6300 with a 0.1 GHz overclock from 2.4 GHz to 2.5 GHz on the Cortex A76 cores.nan"
"Neutral","Google rolling out Android 16 Beta 2.1 with Pixel bug fixes.nan"
"Neutral","Android 16 Beta 2 makes dimming the display more convenient for the whole Pixel 9 family.nan"
"Neutral","Xiaomi 15 launches on March 2, 2025.nan"
"Neutral","Nothing Phone (3a) and (3a) Pro announced with SD7s Gen 3 and telephoto cameras -GSMArena.nan"
"Neutral","The OnePlus Watch 3 has an unfixable but endearing typo.nan"
"Neutral","Running Google Gemma 3 (1B) through Ollama, directly from Google Terminal on a Google Pixel 9 Pro Fold.nan"
"Neutral","OnePlus's plan for Wear OS software on the Watch 3 needs discussing.nan"
"Neutral","Head of OxygenOS Operation Team says the pre-installed launch version doesn't count as the first update, OnePlus 13 series will receive 4 OS updates after all.nan"
"Neutral","Mediatek releases Dimensity 6400 - It's just the Dimensity 6300 with a 0.1 GHz overclock from 2.4 GHz to 2.5 GHz on the Cortex A76 cores.nan"
"Neutral","Nothing Phone (3a) is coming March 4 with 50MP 3x camera, bigger 50MP main.nan"
"Neutral","Waze 5.4 update rolling out, brings maps to heads-up display on some vehicles.nan"
"Neutral","Mediatek releases Dimensity 6400 - It's just the Dimensity 6300 with a 0.1 GHz overclock from 2.4 GHz to 2.5 GHz on the Cortex A76 cores.nan"
"Neutral","Waze 5.4 update rolling out, brings maps to heads-up display on some vehicles.nan"
"Neutral","Google Pixel Watch Update for March 2025 brings Wear OS 5.1 based on Android 15.nan"
"Neutral","33,000mAh battery runs fat smartphone for over 6 months on 1 charge.nan"
"Neutral","Galaxy A26, A36, A56: Samsung plans 6x Android, 6 years of updates.nan"
"Neutral","Android's extra Pixel 6 and Pixel 7 updates weren‚Äôt just because of Tensor.nan"
"Neutral","Vo1d Botnet Resurfaces, Infects 1.6 Million Android TVs Worldwide.nan"
"Neutral","Here's Galaxy Z Fold 6 and Flip 6 One UI 7 beta changelog.nan"
"Neutral","Here's which phones are getting One UI 7 first and when.nan"
"Neutral","One UI 7 brings more side button options to Galaxy S25.nan"
"Neutral","Samsung Galaxy Z Fold 7 will reportedly have a 200MP main camera.nan"
"Neutral","Samsung Galaxy S24 Ultra gets Log video recording with One UI 7 beta update.nan"
"Neutral","Samsung's first trifold phone might debut with the Galaxy Z Fold 7 and Flip 7.nan"
"Neutral","Android's extra Pixel 6 and Pixel 7 updates weren‚Äôt just because of Tensor.nan"
"Neutral","Another Snapdragon 8 Elite handset overheats during our benchmark suite.nan"
"Neutral","Goodbye Gemini, hello Pixel Sense? What we know about Google's AI assistant for Pixel 10.nan"
"Neutral","Lenovo Tab review ‚Äì 10-inch tablet as an affordable alternative for school, college, and the living room.nan"
"Neutral","10 Year Apple User Switches to an Android Phone!.nan"
"Neutral","The Assistant experience on mobile is upgrading to Gemini.nan"
"Neutral","The OnePlus Watch 3 has an unfixable but endearing typo.nan"
"Neutral","Vortex V3: a Razr clone running Android 11 Go for $40 [MrMobile video].nan"
"Neutral","Review | Minix U8K-ULTRA 8K UHD Al Media Hub Android 11 TV Box.nan"
"Neutral","Lock screen widgets are coming to phones in Android 16 QPR1: Here's a first look.nan"
"Neutral","Unlock Night Mode on Instagram with the OnePlus 13.nan"
"Neutral","The Clicks Keyboard Comes To Android! - MrMobile [Michael Fisher].nan"
"Neutral","Galaxy A26, A36, A56: Samsung plans 6x Android, 6 years of updates.nan"
"Neutral","Head of OxygenOS Operation Team says the pre-installed launch version doesn't count as the first update, OnePlus 13 series will receive 4 OS updates after all.nan"
"Neutral","Oppo Reno 13 review.nan"
"Neutral","Unlock Night Mode on Instagram with the OnePlus 13.nan"
"Neutral","Xiaomi 15 Ultra arrives with 200MP 100mm telephoto camera.nan"
"Neutral","Android 14 update rolling out to Chromecast with Google TV.nan"
"Neutral","Xiaomi Redmi Note 14 4G review.nan"
"Neutral","Chromecast with Google TV owners report these issues with the Android 14 update.nan"
"Neutral","Xiaomi Redmi Note 14 5G review.nan"
"Neutral","Xiaomi Redmi Note 14 LTE smartphone review - More power and stamina.nan"
"Neutral","Xiaomi Redmi Note 14 Pro+ 5G review - Mid-range heavyweight with a 200 MPix camera.nan"
"Neutral","Xiaomi Redmi Note 14 Pro LTE smartphone review - Is this already a Pro?.nan"
"Neutral","Xiaomi 15 Ultra officially showcased, camera specs also revealed - gsmarena.com.nan"
"Neutral","Xiaomi 15 Ultra arrives with 200MP 100mm telephoto camera.nan"
"Neutral","TechTablets - Xiaomi 15 Ultra Vs Galaxy S25 Ultra Vs iPhone 16 Pro Max Camera Comparison.nan"
"Neutral","Xiaomi 15 Ultra review - GSMArena.nan"
"Neutral","Xiaomi 15 Ultra vs Vivo x200 Pro.nan"
"Neutral","Xiaomi announces the Xiaomi 15 series pricing for Europe.The Xiaomi 15 will start at ‚Ç¨999, while the Xiaomi 15 Ultra‚ÄØstarts at ‚Ç¨1499 for the 16/512 model. Both will be available through a number of carriers and stores in Europe.The Liquid Silver Xiaomi 15 will be available through Mi.com for ‚Ç¨1099."
"Neutral","Review: Xiaomi 15 Ultra ‚Äì Leica-powered powerhouse.nan"
"Neutral","Xiaomi 15 review.nan"
"Neutral","Xiaomi 15 Ultra vs Vivo X200 Pro Camera Shootout! - ben's gadget reviews.nan"
"Neutral","Android 16 Beta 2 lets you double press the power button to open Google Wallet.nan"
"Neutral","Android 16 is on track for its June release, says Google‚Äôs Head of Android.nan"
"Neutral","Here's your first real look at Live Updates in Android 16.nan"
"Neutral","Android 16 Beta 2 forces apps to go edge-to-edge and enhances Ultra HDR.nan"
"Neutral","TechTablets - Xiaomi 15 Ultra Vs Galaxy S25 Ultra Vs iPhone 16 Pro Max Camera Comparison.nan"
"Neutral","Android 16 could add PC-like external display tools, and we have a first look.nan"
"Neutral","Lock screen widgets are coming to phones in Android 16 QPR1: Here's a first look.nan"
"Neutral","Android Developers Blog: Widgets on lock screen: FAQ (available for tablets and PHONES with A16 QPR1, late summer '25).nan"
"Neutral","iPhone 16e Has Longest Battery Life of Any 6.1-Inch iPhone.nan"
"Neutral","Rare Apple Prototypes and Apple-1 Go Up for Auction.nan"
"Neutral","Get your hands on an Apple-1, Pippin, or sealed iPhone in auction.nan"
"Neutral","We‚Äôre getting GTA VI before Siri 2.0.Let that sink in."
"Neutral","AirTag 2 Rumored to Launch in May or June With These New Features.nan"
"Neutral","The Mac now has 10.2% of the global personal computer market ‚Ä¶. And 54% of the AI-capable PC market.nan"
"Neutral","iOS 18.3.2 has been released.nan"
"Neutral","Apple Releases Beta Firmware Updates for AirPods Pro 2 and AirPods 4.nan"
"Neutral","Apple finally released new betas for 2/21/2025!.nan"
"Neutral","Apple reportedly planning 'feature-packed' visionOS 3 update.nan"
"Neutral","iOS 18.3.2 has been released.nan"
"Neutral","You can now buy a sky blue USB-C to MagSafe 3 cable for your MacBook.nan"
"Neutral","iOS 18.4 Adds a Highly-Requested Setting to iPhones [change the default navigation app] ‚Äî But Not in U.S..nan"
"Neutral","iOS 18.4 upgrades the App Store with these two new features.nan"
"Neutral","iOS 18.4 Shows Your Search History in New Safari Tabs.nan"
"Neutral","Apple Seeds Third Beta of macOS Sequoia 15.4 With Mail Categorization.nan"
"Neutral","iPhone 16e users have been experiencing issues with Bluetooth audio.nan"
"Neutral","iPhone 16e Has Longest Battery Life of Any 6.1-Inch iPhone.nan"
"Neutral","New Entry-Level iPad With A16 Chip Has More RAM [6 GB] Than iPad 10.nan"
"Neutral","U.S.‚Äôs 10% tariff hits US laptop prices, but Apple is absorbing the cost for now.nan"
"Neutral","New Entry-Level iPad With A16 Chip Has More RAM [6 GB] Than iPad 10.nan"
"Neutral","The Mac now has 10.2% of the global personal computer market ‚Ä¶. And 54% of the AI-capable PC market.nan"
"Neutral","You can now buy a sky blue USB-C to MagSafe 3 cable for your MacBook.nan"
"Neutral","Apple's New U.S. Chip Factory to Produce AI Servers With High-End M5 Chips.nan"
"Neutral","Here's How the iPhone 16e Camera Stacks Up Against Its Siblings.nan"
"Neutral","iOS 18.4 upgrades the App Store with these two new features.nan"
"Neutral","Here's a Look at Apple's Secret Modem Testing Lab Where C1 Was Developed.nan"
"Neutral","iPhone 17 Pro Max Rumors Allegedly Refer to 'iPhone 17 Ultra' Model.nan"
"Neutral","Fully spec'd Mac Studio with M3 Ultra chip is $14,099 with 512GB memory and 16TB storage.nan"
"Neutral","Apple Discontinues iPhone 14 and 14 Plus.nan"
"Neutral","Apple Discontinues iPhone SE.nan"
"Neutral","'iPhone 17 Air' Rumored to Feature 'High-Density' Battery.nan"
"Neutral","Apple Seeds Third Beta of macOS Sequoia 15.4 With Mail Categorization.nan"
"Neutral","Apple and Indonesia Reach Deal to End iPhone 16 Ban.nan"
"Neutral","Apple Introduces New Springtime Colors for iPhone 16 Silicone Case and Apple Watch Bands.nan"
"Neutral","Apple wants the iPhone 17 Pro to replace your camera for video recording.nan"
"Neutral","iPhone 17 Pro Max Said to Be Thicker to Accommodate Larger Battery.nan"
"Neutral","iPhone 17 Pro Models Rumored to Feature Aluminum Frame Instead of Titanium Frame.nan"
"Neutral","iPhone 17 Air Reportedly 9.5mm Thick At Camera Bump End.nan"
"Neutral","'iPhone 17 Air' Rumored to Feature 'High-Density' Battery.nan"
"Neutral","iPhone 17 Pro With All-New Camera Bar Design Allegedly Revealed.nan"
"Neutral","iPhone 16e pricing hints at unpopular changes ahead for iPhone 17.nan"
"Neutral","Apple Continues Removing iOS 18 Siri Personal Context References After Delay.nan"
"Neutral","iOS 18.4 Adds a Highly-Requested Setting to iPhones [change the default navigation app] ‚Äî But Not in U.S..nan"
"Neutral","iOS 18.3.2 has been released.nan"
"Neutral","iOS 18.4 upgrades the App Store with these two new features.nan"
"Neutral","iOS 18.4 Shows Your Search History in New Safari Tabs.nan"
"Neutral","Bloomberg: Apple could have to scrap new Siri AI features and start over.nan"
"Neutral","Assassin's Creed Shadows Coming to Mac on March 20.nan"
"Neutral","Apple's Foldable iPad Pro Prototype Features Under-Display Face ID.nan"
"Neutral","End-to-end encrypted RCS messaging on iPhone coming in future software update.nan"
"Neutral","Rare Apple Prototypes and Apple-1 Go Up for Auction.nan"
"Neutral","Apple finally released new betas for 2/21/2025!.nan"
"Neutral","MacRumors Turns 25 Years Old.nan"
"Neutral","Apple Working on New 27-Inch Mini-LED Studio Display.nan"
"Neutral","Nobody's rushing to buy the iPhone 16e yet | Now some hours after preorders for the iPhone 16e opened, every configuration remains in stock to deliver on February 28..nan"
"Neutral","iPhone 17 Pro Models Rumored to Feature Aluminum Frame Instead of Titanium Frame.nan"
"Neutral","iPhone 16e is a joke.nan"
"Neutral","Bro must be trolling üôè.nan"
"Neutral","Apple Apps listen to your photos.nan"
"Neutral","iPhone 16e is a joke.nan"
"Neutral","Apple SucksüòÜPart 2 Vid - RantKid, 2010.Crapple.üçèüëé"
"Neutral","This sub be like:.nan"
"Neutral","Bro must be trolling üôè.nan"
"Neutral","Snap this tumour on if you want more storage for your iPhone.nan"
"Neutral","iPhone 16e has SLOWER chip than normal... still $600.nan"
"Neutral","Where I live, iPhone 16e 512G costs almost the same as s25 512G..nan"
"Neutral","This sub be like:.nan"
"Neutral","iPhone 16e is a joke.nan"
"Neutral","Apple Apps listen to your photos.nan"
"Neutral","Privacy. That‚Äôs iPhone. Jk.https://techcrunch.com/2025/02/21/apple-pulls-icloud-end-to-end-encryption-feature-for-uk-users-after-government-demanded-backdoor/"
"Neutral","This sub be like:.nan"
"Neutral","This sub be like:.nan"
"Neutral","Pyrrhic victory example.nan"
"Neutral","Iphone 15 pro battery health.nan"
"Neutral","Bro must be trolling üôè.nan"
"Neutral","Chatgpt roasts the iphone 16.nan"
"Neutral","Did apple solved deepfusion shit on 16 or earlier model?.I just got a good like new iphone13pm with fine price. I am shocked by what this deepfusion shit do to my pic. I thought it‚Äôs just a on off setting, I found out it‚Äôs carved in hardware level. It‚Äôs the biggest trash I ever seen my life in any product. In an intelligent phone cost a thousand bucks features shooting pictures u force pictures look like shit and users can‚Äôt do anything about it. I‚Äôm fking blown away. "
"Neutral","iPhone 16e has SLOWER chip than normal... still $600.nan"
"Neutral","Android users reaction to iOS 18.[https://youtu.be/Z9rr-GNmuOo?si=NsOWG7R8x46rTVJq](https://youtu.be/Z9rr-GNmuOo?si=NsOWG7R8x46rTVJq)"
"Neutral","Privacy. That‚Äôs iPhone. Jk.https://techcrunch.com/2025/02/21/apple-pulls-icloud-end-to-end-encryption-feature-for-uk-users-after-government-demanded-backdoor/"
"Neutral","7 items syncing to iCloud.nan"
"Neutral","Apple Apps listen to your photos.nan"
"Neutral","This sub be like:.nan"
"Neutral","does anyone know what this means? i‚Äôm trying to log into my icloud but i apparently forgot the password im just trying to login back in.nan"
"Neutral","Where I live, iPhone 16e 512G costs almost the same as s25 512G..nan"
"Neutral","iPhone 16e has the biggest capacity in any 6.1‚Äù iPhone - 3961mAh.nan"
"Neutral","18.1 is up to date.I saw people reviewing the 18.4 beta, I wanted to try it out for myself, but for some reason it says its up to date on 18.1. I have an iPhone 15."
"Neutral","New emojis with iOS 18.4 Beta 2.nan"
"Neutral","iOS 18.3.2 has been released.nan"
"Neutral","Apple's Polishing Cloth is compatible with the new iPhone 16e!.nan"
"Neutral","2 Apple IDs on the same iPhone.Are there any downsides of having 2 separate Apple IDs on the same iPhone? 1 for i-Cloud and 1 for App store? "
"Neutral","iOS 18.3.2 has been released.nan"
"Neutral","Apple's Polishing Cloth is compatible with the new iPhone 16e!.nan"
"Neutral","New emojis with iOS 18.4 Beta 2.nan"
"Neutral","What was the iPhone you had the longest as your primary device?.Which iPhone did you keep the longest? "
"Neutral","What are your thoughts on the iPhone 16e pricing?.nan"
"Neutral","Wait, why only 4-Core GPU?!.nan"
"Neutral","Apple was comparing its new device with its 5-year-old model, so I made this meme.nan"
"Neutral","What are your thoughts on the iPhone 16e pricing?.nan"
"Neutral","Out of curiosity just did a silly comparison between 16e and my 4-5 years old iPhone12.nan"
"Neutral","After over 10 Years, the iPhone 6 design lineage comes to a close..nan"
"Neutral","iPhone 16e has the biggest capacity in any 6.1‚Äù iPhone - 3961mAh.nan"
"Neutral","What are your thoughts on the iPhone 16e pricing?.nan"
"Neutral","Is there any way to get iOS 6 on an iPhone 5c?.G"
"Neutral","Will an iPhone 7 become redundant.Just noticing now there's some apps that can't be downloaded on an iPhone7 as they require attest iOS16. The 7 seems to be at ios15.8.3.  So just wondering if this phone will become unable to download apps as an old iPad essentially can only browse the internet now "
"Neutral","What was the iPhone you had the longest as your primary device?.Which iPhone did you keep the longest? "
"Neutral","What are your thoughts on the iPhone 16e pricing?.nan"
"Neutral","I almost forgot how thin iPhones use to be is that what the new ‚Äúair‚Äù is going for? Hmm.iPhone 8 and 13 mini"
"Neutral","What are your thoughts on the iPhone 16e pricing?.nan"
"Neutral","While iOS 18.3.1 was around 466MB update written in phone, how come it said 8.24GB through iTunes?.I've updated from 16.1 to 18.0 and till this one through iTunes.. How come in downloading such big difference? Downloading on iTunes.. Once it goes to phone, it took short time.. "
"Neutral","After over 10 Years, the iPhone 6 design lineage comes to a close..nan"
"Neutral","a modern iPhone UI reimagined with FA glass textures.nan"
"Neutral","iPhone Models and Lifespan (In-depth/Simplified).nan"
"Neutral","Does the iPhone 16 Pro have a 10 bit display?.I can‚Äôt seem to find any actual information on apple‚Äôs website. A lot of reviewers are saying it has a 10 bit panel"
"Neutral","Why do iPhones do this? Any way to bypass the post processing?.nan"
"Neutral","What are your thoughts on the iPhone 16e pricing?.nan"
"Neutral","Iphone 11 screen came off.nan"
"Neutral","Anyone else experience this in their Iphone 13.Out of nowhere yesterday I saw my screen has turned into this. It has not been dropped or anything like that. My warranty is already lapsed so I'm kind of worried about the expenses of having it repaired. Do  any of you have any idea? Im from PH and I have a schedule to have it checked out at the service center on Sunday."
"Neutral","iph 16e should‚Äôve just been the 13 mini with a new chip.that‚Äôs it that‚Äôs all"
"Neutral","I almost forgot how thin iPhones use to be is that what the new ‚Äúair‚Äù is going for? Hmm.iPhone 8 and 13 mini"
"Neutral","Apple's Polishing Cloth is compatible with the new iPhone 16e!.nan"
"Neutral","iPhone 14 has been officially discontinued.nan"
"Neutral","Why would this 15 PM go for so much on this auction site?.nan"
"Neutral","At least one iPhone 17 model to get liquid cooling, says 3rd report.nan"
"Neutral","Latest iPhone 17 Series CAD Images.nan"
"Neutral","Kuo: All iPhone 17 Models Will Feature Apple-Designed Wi-Fi Chip to 'Enhance Connectivity'.nan"
"Neutral","Wireless reverse charging being tested in the iPhone 17 Pro ‚Äì leaker.nan"
"Neutral","Is it possible the 17 series will be a downgrade from 16 in any way, given the info we currently have?.Weight? Camera? Etc "
"Neutral","New emojis with iOS 18.4 Beta 2.nan"
"Neutral","iOS 18.3.2 has been released.nan"
"Neutral","18.1 is up to date.I saw people reviewing the 18.4 beta, I wanted to try it out for myself, but for some reason it says its up to date on 18.1. I have an iPhone 15."
"Neutral","The iPhone 16e has a 20% slower quietly binned A18.nan"
"Neutral","iPhone Models and Lifespan (In-depth/Simplified).nan"
"Neutral","a modern iPhone UI reimagined with FA glass textures.nan"
"Neutral","iPhone Models and Lifespan (In-depth/Simplified).nan"
"Neutral","Got 16e for $300 on prepaid. Decent modem!.nan"
"Neutral","a modern iPhone UI reimagined with FA glass textures.nan"
"Neutral","iPhone Models and Lifespan (In-depth/Simplified).nan"
"Neutral","a modern iPhone UI reimagined with FA glass textures.nan"
"Neutral","iPhone Models and Lifespan (In-depth/Simplified).nan"
"Neutral","Apple doesn‚Äôt allow reporting on certain apps..The uber driver app abuses its system permissions to over ride certain controls, and Apple has disabled app reporting. "
"Neutral","can someone explain?.nan"
"Neutral","Anyone knows what this is?.It‚Äôs been on my phone the whole day"
"Neutral","iPhone Models and Lifespan (In-depth/Simplified).nan"
"Neutral","Were did my keyboard go?.nan"
"Neutral","Anyone else experience this in their Iphone 13.Out of nowhere yesterday I saw my screen has turned into this. It has not been dropped or anything like that. My warranty is already lapsed so I'm kind of worried about the expenses of having it repaired. Do  any of you have any idea? Im from PH and I have a schedule to have it checked out at the service center on Sunday."
"Neutral","iPhone Model Price Increases by Percentage Over the Last Four Years.nan"
"Neutral","iPhone Models and Lifespan (In-depth/Simplified).nan"
"Neutral","iPhone 16e prices vary widely by country, but it‚Äôs still cheapest in the US.nan"
"Neutral","Snapchat Taking up 55GB.nan"
"Neutral","Can‚Äôt figure out why phone says AppleTV app is churning cellular data but Verizon says otherwise.Under Cellular in settings, Cellular Data section says I‚Äôve used 110gb of data in the ‚ÄúCurrent Period‚Äù, with a huge chunk going to AppleTV app. I have not used the app once to watch or download anything since getting phone in December.Since section doesn‚Äôt define ‚ÄúCurrent Period‚Äù I scrolled down to see the Call Time section does define ‚ÄúCurrent Period‚Äù, which it says is 2 days 22hrs. Weirdly, it says Lifetime is the same amount of time (again, phone was activated on Verizon in December).Third photo shows my line‚Äôs data usage from Verizon for the last 11 days, which it says is only 1.48gb.Any idea why my phone thinks AppleTV app is consuming large amounts of data when it is never used?16 Pro running 18.3.1"
"Neutral","Anyone knows what this is?.It‚Äôs been on my phone the whole day"
"Neutral","How to fix squished calendar.nan"
"Neutral","iPhone 16e prices vary widely by country, but it‚Äôs still cheapest in the US.nan"
"Neutral","iPhone 16E is launched.nan"
"Neutral","What‚Äôs everyone setup look like?.nan"
"Neutral","iPhone Models and Lifespan (In-depth/Simplified).nan"
"Neutral","iPhone 16e prices vary widely by country, but it‚Äôs still cheapest in the US.nan"
"Neutral","Why is the Weather App so Wrong?.nan"
"Neutral","Why would this 15 PM go for so much on this auction site?.nan"
"Neutral","Snapchat Taking up 55GB.nan"
"Neutral","When can we expect the iPhone 16e reviews to come out?.Do we expect on-hand reviews before Friday (02/28)? "
"Neutral","iPhone Models and Lifespan (In-depth/Simplified).nan"
"Neutral","iPhone 16e prices vary widely by country, but it‚Äôs still cheapest in the US.nan"
"Neutral","iPhone 16e / iPhone 16 main differences.nan"
"Neutral","Did they get rid of non theft/loss AppleCare+?.nan"
"Neutral","maybe this isnt news, but you can find words on a page in  safari.tap the search bar and input what you are looking for (dont press search/return).scroll down and you will see an option that says find. "
"Neutral","Anyone knows what this is?.It‚Äôs been on my phone the whole day"
"Neutral","How to fix squished calendar.nan"
"Neutral","Shoot in 4K 30 IPS ProRes with iPhone 13 Pro.Hi,I have an iPhone 13 Pro in the 128GB version. I would like to know if it is possible, by adding external storage, to be able to film in 4k 30ips ProRes ? "
"Neutral","iPhone Models and Lifespan (In-depth/Simplified).nan"
"Neutral","iPhone 16e prices vary widely by country, but it‚Äôs still cheapest in the US.nan"
"Neutral","Why would this 15 PM go for so much on this auction site?.nan"
"Neutral","It‚Äôs ridiculous that these are the only options for iMessage retention.I really wish there was an option to specify number of texts and photos to keep per conversation. I miss that from Android. "
"Neutral","iPhone Model Price Increases by Percentage Over the Last Four Years.nan"
"Neutral","Why is my screen backlight staying illuminated while completely powered off/dead.Second picture is how my phone looks while ‚Äúdead‚Äù. Other two pics are just for comparison. Is this normal? I‚Äôve had this phone for over a year and I‚Äôve never seen it do this. Took almost 30 minutes to turn back on."
