sentiment,categories,user_review
neutral,"['User Experience, Service, Support, Technical']","This is unacceptable: $1100-$1450 Pixel 9 Pro XL has just 128Gb of storage +Keep in mind this phone costs $1100 in the US, $1300 in the EU and *$1450* in the UK."
neutral,"['Audio Issues, Video Issues, User Experience, Service, Support, Others, Technical, Voice Quality, Bluetooth, WiFi, Call Drop']","Google officially confirms the Pixel 6 series, Pixel 7 series, and Pixel Fold will get an additional 2 years of OS updates+The company has [updated a support page](https://support.google.com/pixelphone/answer/4457705?hl=en#zippy=%2Cpixel-pixel-pro-pixel-pro-xl-pixel-pro-fold%2Cpixel-a-pixel-pixel-pro%2Cpixel-a-pixel-pixel-pro-pixel-a-pixel-pixel-pro-pixel-fold%2Cpixel-a-g-pixel-pixel-a-g-pixel-a-pixel-xl-pixel) to mention that these Pixel phones are guaranteed 5 years of updates - including 5 years of OS and security updates - starting from when they went on sale.This means the Pixel 6 series will get updates to Android 16 and Android 17, while the Pixel 7 series and Pixel Fold will get updates to Android 17 and Android 18.H/T Nail Sadykov"
neutral,"['Audio Issues, Video Issues, User Experience, Service, Support, Others, Technical, Voice Quality, Bluetooth, WiFi, Call Drop']",MKBHD Pixel 9/Pro Review +
neutral,"['Audio Issues, Video Issues, User Experience, Service, Support, Others, Technical, Voice Quality, Bluetooth, WiFi, Call Drop']","A 128GB Pixel 9 Pro should never exist, Google+"
neutral,"['Audio Issues, Video Issues, User Experience, Service, Support, Others, Technical, Voice Quality, Bluetooth, WiFi, Call Drop']","Google reduces Pixel 9, Pixel 9 Pro and Pixel 9 Pro Fold smartphones by 30% in early Black Friday deal+"
neutral,"['Audio Issues, Video Issues, User Experience, Service, Support, Others, Technical, Voice Quality, Bluetooth, WiFi, Call Drop']",Introducing the Google Pixel 9 Pro - YouTube+
neutral,"['Audio Issues, Video Issues, User Experience, Service, Support, Others, Voice Quality, Bluetooth, WiFi, Call Drop']","Pixel 9 Pro XL to start at $1,099 as more leaks confirm specs and AI features+"
neutral,"['Audio Issues, Video Issues, User Experience, Service, Support, Others, Technical, Voice Quality, Bluetooth, WiFi, Call Drop']","Real-life pictures and specs of Pixel 9, 9 Pro and 9 Pro XL+"
neutral,"['Audio Issues, User Experience, Service, Support, Others, Technical, Voice Quality, Bluetooth, WiFi, Call Drop']",Exclusive: Google Pixel 9 & Pro will start with 128GB of Storage+
neutral,"['Audio Issues, Video Issues, User Experience, Service, Support, Others, Technical, Voice Quality, Bluetooth, WiFi, Call Drop']","PSA: Pixel 9 Pro defaults to 960 x 2142. Switch to full resolution to use all the display pixels (1280 x 2856)+Google is pulling the same trick as last year to put less burden on the GPU and have less stutter by defaulting to 960x2142, what they call ""high resolution"". Both pro phones now default to lower fuzzier settings. Go over and switch to ""full resolution"" to use all the pixels you paid for (1280 x 2856)"
neutral,"['Audio Issues, User Experience, Technical, Voice Quality, Bluetooth, WiFi']","Pixel 9 Pro Battery Life is Really, Really Good+"
neutral,"['User Experience, Service, Technical']","This is unacceptable: $1100-$1450 Pixel 9 Pro XL has just 128Gb of storage +Keep in mind this phone costs $1100 in the US, $1300 in the EU and *$1450* in the UK."
neutral,"['Audio Issues, Video Issues, User Experience, Service, Support, Others, Technical, Voice Quality, Bluetooth, WiFi, Call Drop']","Google officially confirms the Pixel 6 series, Pixel 7 series, and Pixel Fold will get an additional 2 years of OS updates+The company has [updated a support page](https://support.google.com/pixelphone/answer/4457705?hl=en#zippy=%2Cpixel-pixel-pro-pixel-pro-xl-pixel-pro-fold%2Cpixel-a-pixel-pixel-pro%2Cpixel-a-pixel-pixel-pro-pixel-a-pixel-pixel-pro-pixel-fold%2Cpixel-a-g-pixel-pixel-a-g-pixel-a-pixel-xl-pixel) to mention that these Pixel phones are guaranteed 5 years of updates - including 5 years of OS and security updates - starting from when they went on sale.This means the Pixel 6 series will get updates to Android 16 and Android 17, while the Pixel 7 series and Pixel Fold will get updates to Android 17 and Android 18.H/T Nail Sadykov"
neutral,"['Audio Issues, Video Issues, User Experience, Service, Support, Others, Technical, Voice Quality, Bluetooth, WiFi, Call Drop']",Preorder deals for the Pixel 9 are up! +
neutral,"['Audio Issues, Video Issues, User Experience, Service, Support, Others, Technical, Voice Quality, Bluetooth, WiFi, Call Drop']",MKBHD Pixel 9/Pro Review +
neutral,"['Audio Issues, User Experience, Service, Technical, Voice Quality, Bluetooth, WiFi, Call Drop']",Google announces early August 13 event for Pixel 9 and Pixel Watch 3+
neutral,"['Audio Issues, Video Issues, User Experience, Service, Support, Others, Technical, Voice Quality, Bluetooth, WiFi, Call Drop']","A 128GB Pixel 9 Pro should never exist, Google+"
neutral,"['Audio Issues, Video Issues, User Experience, Service, Support, Others, Technical, Voice Quality, Bluetooth, WiFi, Call Drop']","Google reduces Pixel 9, Pixel 9 Pro and Pixel 9 Pro Fold smartphones by 30% in early Black Friday deal+"
neutral,"['Audio Issues, User Experience, Service, Support, Technical']",All I want from the Google Pixel 9 is reliable battery life+
neutral,"['Audio Issues, User Experience, Service, Support, Others, Technical, Voice Quality']","Android Authority: Ultrasonic fingerprint readers for Pixel 9 series, except the Fold+"
neutral,"['Audio Issues, Video Issues, User Experience, Service, Support, Others, Technical, Voice Quality, Bluetooth, WiFi, Call Drop']",Introducing the Google Pixel 9 Pro - YouTube+
neutral,"['Audio Issues, Video Issues, User Experience, Service, Support, Others, Technical, Voice Quality, Bluetooth, WiFi, Call Drop']",Google Pixel 9‚Äôs Tensor G4 is almost identical to the G3 - Android Authority+
neutral,"['Audio Issues, Video Issues, User Experience, Service, Support, Others, Technical, Voice Quality, Bluetooth, WiFi, Call Drop']",Pixel 9 Astrophotography is better than ever.+
neutral,"['Audio Issues, Voice Quality, Bluetooth, WiFi']",Pixel Tablet Standalone + A Series Buds I/O Bundle+
neutral,"['Audio Issues, Video Issues, User Experience, Service, Support, Others, Technical, Voice Quality, Bluetooth, WiFi, Call Drop']","Mishaal Rahman: The March 2024 Pixel Feature Drop is here, bringing new features to Pixel phones, the Pixel Tablet, and the first-gen Pixel Watch.+"
neutral,"['Audio Issues, User Experience, Service, Support, Bluetooth, WiFi']","Sources: Pixel Watch 3 will have 45mm size, Pixel Buds Pro 2 also coming+"
neutral,"['Audio Issues, User Experience, Service, Support, Others, Technical, Voice Quality, Bluetooth, WiFi, Call Drop']","I've had THREE Google Pixels completely crap out on me in less than a year. Am I an irresponsible phone owner or is this an issue with Google phones?+Sort of venting in this post, but also curious to see if I'm the problem, lol...I've had Google Pixel phones for probably the last 8 years or so, starting with I think the 3 or 4? Anyway, about a year ago I had my Google Pixel 5a completely just crap out for no reason. I think it was a well known issue, but I was in a foreign country and the phone completely died and was quite stressed out, thankfully I wasn't traveling alone.That's all well and good, when I got home Google sent me a brand new 5a... which also completely bricked in less than two months of receipt. Yikes. I was so pissed and was constantly up Google support's ass about it, especially since this happened RIGHT when I fully paid off the phone.Google was kind enough to send me a Google Pixel 7 Pro to replace this one! But guess what? IT JUST BRICKED AGAIN 4 MONTHS LATER. WHAT THE FUCK?! The screen started flickering and eventually just does not turn on. Does Google make vaporware phones?I was so excited to have a phone fully paid off and not have any more monthly payments, but now I'm at the point where I think I'll never buy a Pixel again.UPDATE: During troubleshooting with Google support, the screen randomly started working again (after an hour of repeated resets and other attempts), with nothing Google recommended working. When the screen popped back on, it was actually at the end of a system update. I've been having some green screen flickering issues occasionally but nothing that lasted more than a minute until this. I suspect it was just some issue with the flickering occurring during a system update that made it seem like it was beyond repair. That said, the green screen flicker is still there and unresolved, but at least not long lasting. I've removed the OtterBox since some people said that's known to cause overheating and flickering. If there are any recommendations for cases that can avoid this and still provide decent drop protection I'm all ears. "
neutral,"['Audio Issues, User Experience, Technical, Voice Quality']","Features Missing after the December Feature Drop (Pixel 9 Pro)+As the title suggests, I'm missing the following features on my phone:1. No Pixel Studio Stickers on my Gboard2. No Pixel Screenshots implementation I'm circle to search.3. No Improved Haptic Feedback as mentioned by a redditor in the recent update.4. Can't see battery temps in the settings.5. Absence of the new Live Captions.Anyone else having the same problem?"
neutral,"['User Experience, Service, Technical']","This is unacceptable: $1100-$1450 Pixel 9 Pro XL has just 128Gb of storage +Keep in mind this phone costs $1100 in the US, $1300 in the EU and *$1450* in the UK."
neutral,"['Audio Issues, Video Issues, User Experience, Service, Support, Others, Technical, Voice Quality, Bluetooth, WiFi, Call Drop']","Google officially confirms the Pixel 6 series, Pixel 7 series, and Pixel Fold will get an additional 2 years of OS updates+The company has [updated a support page](https://support.google.com/pixelphone/answer/4457705?hl=en#zippy=%2Cpixel-pixel-pro-pixel-pro-xl-pixel-pro-fold%2Cpixel-a-pixel-pixel-pro%2Cpixel-a-pixel-pixel-pro-pixel-a-pixel-pixel-pro-pixel-fold%2Cpixel-a-g-pixel-pixel-a-g-pixel-a-pixel-xl-pixel) to mention that these Pixel phones are guaranteed 5 years of updates - including 5 years of OS and security updates - starting from when they went on sale.This means the Pixel 6 series will get updates to Android 16 and Android 17, while the Pixel 7 series and Pixel Fold will get updates to Android 17 and Android 18.H/T Nail Sadykov"
neutral,"['Audio Issues, Video Issues, User Experience, Service, Support, Others, Technical, Voice Quality, Bluetooth, WiFi, Call Drop']","Pixel 9 Pro XL to start at $1,099 as more leaks confirm specs and AI features+"
neutral,"['Audio Issues, Video Issues, User Experience, Service, Support, Others, Technical, Voice Quality, Bluetooth, WiFi, Call Drop']","Real-life pictures and specs of Pixel 9, 9 Pro and 9 Pro XL+"
neutral,"['Audio Issues, Video Issues, User Experience, Service, Support, Others, Technical, Voice Quality, Bluetooth, WiFi, Call Drop']","Pixel 9, 9 Pro, & 9 Pro XL pre-order offer is going to be different+"
neutral,"['Audio Issues, Video Issues, User Experience, Service, Support, Others, Technical, Voice Quality, Bluetooth, WiFi, Call Drop']",T-Mobile Pixel 9 pro Prices +Found the prices for the Pixel 9 Pro and Pro XLhttps://imgur.com/a/AZc3q55
neutral,"['User Experience, Technical']",I have half a dozen USB-C chargers in my house ‚Äî none of them charge the Pixel 9 Pro XL at full speed+
neutral,"['Audio Issues, User Experience, Service, Technical, Bluetooth, WiFi']",Google finally launches its Find My Device network (Pixel 8/pro offline tracking also rolling out)+
neutral,"['Audio Issues, Video Issues, User Experience, Service, Support, Others, Technical, Voice Quality, Bluetooth, WiFi, Call Drop']",Engadget Pixel 9 Pro and Pixel 9 Pro XL review: 94/100+
neutral,"['The provided text does not contain any information regarding the cutoff time for pre-ordering the Pixel 9 Pro for $200 store credit, so I am unable to extract the requested data from the given context.']",What time is the cut off to pre order pixel 9 pro for $200 store credit?+I know it's today but any idea on what time?
neutral,"['Audio Issues, Video Issues, User Experience, Service, Support, Others, Voice Quality, Bluetooth, WiFi, Call Drop']","How does Pixel 7 pro camera compare to Pixel 9 Fold? +With the information we already have now, how might the Pixel 9 fold camera compare to the Pixel 7 Pro? Will it be an upgrade? "
neutral,"['Audio Issues, Video Issues,User Experience, Service, Support, Others, Technical,Voice Quality, Bluetooth, WiFi, Call Drop']","Every Pixel Pricing+| Model       | Storage (GB) | US Pricing (USD) | Canada Pricing (CAD) | UK Pricing (GBP) | Europe Pricing (EUR) | Australia Pricing (AUD) | Japan pricing (JPY) | Color Options                      | RAM (GB) ||-------------|---------------|------------------|----------------------|------------------|------------------------|--------------------------|---------------------------------|---------------|----------|| Pixel       | 32            | $649             | C$899                | ¬£599             | ‚Ç¨759                   | A$1,079                  |N/A| Quite Black üñ§, Very Silver ‚ö™, Really Blue üîµ | 4        || Pixel       | 128           | $749             | C$999                | ¬£699             | ‚Ç¨869                   | A$1,229                  |N/A| Quite Black üñ§, Very Silver ‚ö™, Really Blue üîµ | 4        || Pixel XL    | 32            | $769             | C$1,049              | ¬£719             | ‚Ç¨899                   | A$1,269                  |N/A| Quite Black üñ§, Very Silver ‚ö™, Really Blue üîµ | 4        || Pixel XL    | 128           | $869             | C$1,179              | ¬£819             | ‚Ç¨1,009                 | A$1,419                  |N/A| Quite Black üñ§, Very Silver ‚ö™, Really Blue üîµ | 4        || Pixel 2     | 64            | $649             | C$899                | ¬£629             | ‚Ç¨799                   | A$1,079                  |¬•89,800| Just Black üñ§, Clearly White ‚ö™, Kinda Blue üîµ | 4        || Pixel 2     | 128           | $749             | C$1,029              | ¬£729             | ‚Ç¨909                   | A$1,229                  |¬•99,800| Just Black üñ§, Clearly White ‚ö™, Kinda Blue üîµ | 4        || Pixel 2 XL  | 64            | $849             | C$1,159              | ¬£799             | ‚Ç¨939                   | A$1,399                  |¬•119,800| Just Black üñ§, Black & White ‚ö™‚ö´ | 4        || Pixel 2 XL  | 128           | $949             | C$1,289              | ¬£899             | ‚Ç¨1,049                 | A$1,549                  |¬•129,800| Just Black üñ§, Black & White ‚ö™‚ö´ | 4        || Pixel 3     | 64            | $799             | C$999                | ¬£739             | ‚Ç¨849                   | A$1,199                  |¬•95,000| Just Black üñ§, Clearly White ‚ö™, Not Pink üå∏ | 4        || Pixel 3     | 128           | $899             | C$1,129              | ¬£839             | ‚Ç¨959                   | A$1,349                  |¬•105,000| Just Black üñ§, Clearly White ‚ö™, Not Pink üå∏ | 4        || Pixel 3 XL  | 64            | $899             | C$1,129              | ¬£869             | ‚Ç¨949                   | A$1,349                 | ¬•119,000| Just Black üñ§, Clearly White ‚ö™, Not Pink üå∏ | 4        || Pixel 3 XL  | 128           | $999             | C$1,259              | ¬£969             | ‚Ç¨1,059                 | A$1,499                  |¬•129,000| Just Black üñ§, Clearly White ‚ö™, Not Pink üå∏ | 4        || Pixel 3a    | 64            | $399             | C$549                | ¬£399             | ‚Ç¨399                   | A$649                    |¬•48,600| Just Black üñ§, Clearly White ‚ö™, Purple-ish üíú | 4        || Pixel 3a XL | 64            | $479             | C$649                | ¬£469             | ‚Ç¨479                   | A$799                    |¬•119,000| Just Black üñ§, Clearly White ‚ö™, Purple-ish üíú | 4        || Pixel 4     | 64            | $799             | C$1,049              | ¬£669             | ‚Ç¨899                   | A$1,199                  |¬•89,980| Just Black üñ§, Clearly White ‚ö™, Oh So Orange üüß | 6        || Pixel 4     | 128           | $899             | C$1,179              | ¬£769             | ‚Ç¨999                   | A$1,349                  |¬•99,980| Just Black üñ§, Clearly White ‚ö™, Oh So Orange üüß | 6        || Pixel 4 XL  | 64            | $899             | C$1,179              | ¬£829             | ‚Ç¨999                   | A$1,349                  |¬•119,800| Just Black üñ§, Clearly White ‚ö™, Oh So Orange üüß | 6        || Pixel 4 XL  | 128           | $999             | C$1,309              | ¬£929             | ‚Ç¨1,099                 | A$1,499                 |¬•129,800 | Just Black üñ§, Clearly White ‚ö™, Oh So Orange üüß | 6        || Pixel 4a    | 128           | $349             | C$479                | ¬£349             | ‚Ç¨349                   | A$599                    |¬•42,900| Just Black üñ§ | 6        || Pixel 4a 5G | 128           | $499             | C$679                | ¬£499             | ‚Ç¨499                   | A$799                   | N/A| Just Black üñ§, Clearly White ‚ö™ | 6        || Pixel 5     | 128           | $699             | C$899                | ¬£599             | ‚Ç¨629                   | A$999                    |¬•74,800| Just Black üñ§, Sorta Sage üåø | 8        || Pixel 5a 5G | 128           | $449             | N/A                | N/A             | N/A                   | N/A                    |N/A| Mostly Black üñ§ | 6        || Pixel 6     | 128           | $599             | C$799                | ¬£599             | ‚Ç¨649                   | A$999                    |¬•74,800| Kinda Coral üü†, Sorta Seafoam üü¢, Stormy Black üñ§ | 8        || Pixel 6     | 256           | $699             | C$929                | N/A             | N/A                   | A$1,149                  |¬•89,800| Kinda Coral üü†, Sorta Seafoam üü¢, Stormy Black üñ§ | 8        || Pixel 6 Pro | 128           | $899             | C$1,179              | ¬£849             | ‚Ç¨899                   | A$1,299                  |¬•116,600| Cloudy White ‚ö™, Sorta Sunny üåû, Stormy Black üñ§ | 12       || Pixel 6 Pro | 256           | $999             | C$1,309              | ¬£949             | ‚Ç¨999                   | A$1,449                 | ¬•131,600| Cloudy White ‚ö™, Sorta Sunny üåû, Stormy Black üñ§ | 12       || Pixel 6 Pro | 512           | $1,099           | C$1,439              | ¬£1,049           | ‚Ç¨1,099                 | A$1,599                  |¬•146,600| Cloudy White ‚ö™, Sorta Sunny üåû, Stormy Black üñ§ | 12       || Pixel 6a    | 128           | $449             | C$599                | ¬£399             | ‚Ç¨459                   | A$749                    |¬•53,900| Chalk ‚ö™, Charcoal ‚ö´, Sage üåø | 6        || Pixel 7     | 128           | $599             | C$799                | ¬£599             | ‚Ç¨649                   | A$999                  |¬•82,500  | Lemongrass üåæ, Obsidian ‚ö´, Snow ‚ùÑÔ∏è | 8        || Pixel 7     | 256           | $699             | C$929                | ¬£699             | ‚Ç¨749                   | A$1,149                |¬•97,500  | Lemongrass üåæ, Obsidian ‚ö´, Snow ‚ùÑÔ∏è | 8        || Pixel 7 Pro | 128           | $899             | C$1,179              | ¬£849             | ‚Ç¨899                   | A$1,299                  |¬•124,300| Hazel üå∞, Obsidian ‚ö´, Snow ‚ùÑÔ∏è | 12       || Pixel 7 Pro | 256           | $999             | C$1,309              | ¬£949             | ‚Ç¨999                   | A$1,449                  |¬•139,300| Hazel üå∞, Obsidian ‚ö´, Snow ‚ùÑÔ∏è | 12       || Pixel 7 Pro | 512           | $1,099           | C$1,439              | ¬£1,049           | ‚Ç¨1,099                 | A$1,599                  |¬•154,300| Hazel üå∞, Obsidian ‚ö´, Snow ‚ùÑÔ∏è | 12       || Pixel 7a    | 128           | $499             | C$679                | ¬£449             | ‚Ç¨509                   | A$749                    |¬•48,380| Charcoal ‚ö´, Coral üü†, Sea üåä, Snow ‚ùÑÔ∏è | 8        || Pixel Fold  | 256           | $1,799           | N/A             | ¬£1,749           | ‚Ç¨1,899                 | N/A                  |Ôø•253,000| Obsidian ‚ö´, Porcelain ‚ö™ | 12 || Pixel 8     | 128           | $699             | C$949                | ¬£699             | ‚Ç¨799                   | A$1,199                  | ¬•124,800|Hazel üå∞, Obsidian ‚ö´, Rose üåπ     | 8        || Pixel 8     | 256           | $759             | C$1,029              | ¬£759             | ‚Ç¨899                   | A$1,249                  |¬•139,800| Hazel üå∞, Obsidian ‚ö´, Rose üåπ     | 8        || Pixel 8 Pro | 128           | $999             | C$1,349              | ¬£999             | ‚Ç¨1,099                 | A$1,699                 |¬•159,800 | Bay üåä, Obsidian ‚ö´, Porcelain ‚ö™, Mint üü¢   | 12       || Pixel 8 Pro | 256           | $1,059           | C$1,449              | ¬£1,059           | ‚Ç¨1,199                 | A$1,799                 |¬•174,800 | Bay üåä, Obsidian ‚ö´, Porcelain ‚ö™   | 12       || Pixel 8 Pro | 512           | $1,179           | C$1,599              | ¬£1,179           | ‚Ç¨1,299                 | A$1,899                 |¬•189,800 | Bay üåä, Obsidian ‚ö´, Porcelain ‚ö™   | 12       || Pixel 8 Pro | 1TB           | $1,399           | N/A             | N/A         | N/A              | N/A                 |N/A| Obsidian ‚ö´ | 12       || Pixel 8a    | 128           | $499             | C$679                | ¬£449             | ‚Ç¨569                   | A$849                    |¬•72,600| Obsidian ‚ö´, Porcelain ‚ö™, Bay üåä, Aloe üåø | 8        || Pixel 8a    | 256           | $559             | C$759                | ¬£509             | ‚Ç¨630                   | A$999                    || Obsidian ‚ö´, Porcelain ‚ö™, Bay üåä, Aloe üåø | 8        || Pixel 9 | ?           | $?           | C$?              | ¬£?         | ‚Ç¨?                 | A$?                 |¬•?| Black? ‚ö´,  White? ‚ö™, Green? üü¢, Pink? üå∏ | 12       || Pixel 9 Pro | ?           | $999?           | C$?              | ¬£?         | ‚Ç¨?                 | A$?                 |¬•?| Black? ‚ö´,  White? ‚ö™, Hazel? üå∞, Pink? üå∏ | 16       || Pixel 9 Pro XL | ?           | $1,099?           | C$?              | ¬£?         | ‚Ç¨?                 | A$?                 |¬•?| Black? ‚ö´,  White? ‚ö™, Hazel? üå∞, Pink? üå∏ | 16       || Pixel 9 Pro Fold  | ?           | $?           | C$?              | ¬£?           | ‚Ç¨?                | A$?                 |¬•?| Black? ‚ö´, White ‚ö™ | 16 |Initially generated by Copilot :: Generate a Markdown table of every Google Pixel model, including ‚ÄòA‚Äô Series and Fold models. For each model, create a separate row for each storage option. Columns: model name, storage in GBs, US pricing, Canada pricing, UK pricing, European pricing, Australian pricing, a comma-separated list of color options with icons, and RAM. Sort by release date ascending. Updated to fix price/availability hallucinations, add Japan pricing, and add 9* series based on rumors. "
neutral,['- Bluetooth\n- Call drop\n- Voice Quality'],Bluetooth connection issues since the December 2024 Android 15 update.+So both my wifes Mazda 3 2012 and my Mazda 6 2011 are having bluetooth connection issues. We both have Google Pixel 8 Pros. Has anyone had any connection issues. It seems that it pairs to the car but doesnt actually connect. Any help out there?  UPDATE UPDATE!! GREAT NEWS! JAN UPDATE RELEASED!I now have the January update installed and hesitantly tried to connect to my car. And.... it connected. It connected via phone first and not music media. Then I toggled the phone calls and the music audio on/off and it connected and worked. So when I now start my car all I have to do is now toggle on/off the audio music switch in the BT settings. A bit annoying but it works.  I will see how it holds up over the next few weeks. I also managed to get my wifes mazda working too. So theres definitely something with the new android jan update that has worked for me. I have also noticed that the BT connection is solid with out any skips or jitters.Give it a go.
neutral,"['Audio Issues, Video Issues, User Experience, Service, Support, Others, Technical, Voice Quality, Bluetooth, WiFi, Call Drop']","Pixel 9 Pro XL: Overpriced and Underwhelming in Europe?+I'm really confused about what to do and whether it's worth continuing to use Pixel devices. I was keen on purchasing the Pixel 9 Pro XL, but the European prices are just insane. On top of that, in most European countries, we'll have a crippled device. To make matters worse, the phone will be priced above the S24 Ultra, which has almost all these features. Let me elaborate on which features are missing for me right now:5G Data speedsVoLTE connectionCall ScreeningCall RecordingAlmost all Pixel AI options (except Photos)Thermometer only works in the US on humansCar crash detection featureFall detectionI really like the Pixel phones but this is insane..."
neutral,"['User Experience, Technical']","Well done Google. The Pixel 8 camera problem is still not fixed in this March update.+**The bug**: Pixel 8 does not allow you to re-expose the image after tapping anywhere on the viewfinder at 1x zoom. Zooming to 0.9x zoom allows you to expose the image with a single tap. On the opposite end, zooming in to at least 1.1x zoom brings the basic feature back into play. I thought that they fixed it when I saw the March update log:**Camera**  Fix for issue causing the camera to stop functioning in certain conditions \*\[8\]**Original post:**[https://www.reddit.com/r/GooglePixel/comments/1akbaqs/no\_one\_ever\_noticed\_this\_pixel\_8\_camera\_bug\_not/?utm\_source=share&utm\_medium=web3x&utm\_name=web3xcss&utm\_term=1&utm\_content=share\_button](https://www.reddit.com/r/GooglePixel/comments/1akbaqs/no_one_ever_noticed_this_pixel_8_camera_bug_not/?utm_source=share&utm_medium=web3x&utm_name=web3xcss&utm_term=1&utm_content=share_button)&#x200B;**The Official Pixel team did respond in the original post:**[https://www.reddit.com/r/GooglePixel/comments/1akbaqs/comment/kq9aydd/?utm\_source=share&utm\_medium=web3x&utm\_name=web3xcss&utm\_term=1&utm\_content=share\_button](https://www.reddit.com/r/GooglePixel/comments/1akbaqs/comment/kq9aydd/?utm_source=share&utm_medium=web3x&utm_name=web3xcss&utm_term=1&utm_content=share_button)**In the end, the problem persists. What is wrong with Google? This is a bizarre bug.**  Even got reported on Google 9to5: [https://9to5google.com/2024/02/06/pixel-8-bug-prevents-camera-exposure/](https://9to5google.com/2024/02/06/pixel-8-bug-prevents-camera-exposure/)  "
neutral,"['Audio Issues, Video Issues, User Experience, Service, Support, Others, Technical, Voice Quality, Bluetooth, WiFi, Call Drop']","The Verge: ""Excellent screens and build quality"", scores an 8, Pixel 9/Pixel 9 XL Review+"
neutral,"['Audio Issues, Video Issues, User Experience, Service, Support, Others, Technical, Voice Quality, Bluetooth, WiFi, Call Drop']",Leaked benchmarks of Pixel 9 show modest performance improvements over Pixel 8+
neutral,"['Audio Issues, Video Issues, User Experience, Service, Support, Others, Technical, Voice Quality, Bluetooth, WiFi, Call Drop']",Google Pixel 9 Pro XL compared to the Pixel 8 Pro in latest hands-on leak +https://9to5google.com/2024/07/23/pixel-9-pro-xl-vs-pixel-8-pro-video/
neutral,"['Audio Issues, Video Issues, User Experience, Service, Support, Others, Technical, Voice Quality, Bluetooth, WiFi, Call Drop']",Google Pixel 8A Impressions: Just Get The 8! - YouTube+
neutral,"['Audio Issues, Video Issues, User Experience, Service, Support, Others, Voice Quality, Bluetooth, WiFi, Call Drop']",Benchmark Shows That Pixel 8a Uses A Slower Tensor G3 Compared To The One Found In The Pixel 8 And Pixel 8 Pro+
neutral,"['Audio Issues, Video Issues, User Experience, Service, Support, Others, Technical, Voice Quality, Bluetooth, WiFi, Call Drop']",Pixel 9 December Update - T-Mobile +I have Mint Mobile (uses T-Mobile network) and I'm currently downloading the December update. FYI 
neutral,"['Audio Issues, User Experience, Technical']",Finally got Zoom Enhance feature on my Pixel 8 Pro via update to Google photos+https://imgur.com/a/gETWpIZ
neutral,"['Audio Issues, Video Issues, User Experience, Service, Support, Others, Technical, Voice Quality, Bluetooth, WiFi, Call Drop']",Google Pixel 9 Pro XL vs. Pixel 8 Pro - GSMArena+
neutral,"['Audio Issues, Video Issues, User Experience, Service, Support, Others, Voice Quality, Bluetooth, WiFi, Call Drop']",Pixel 8A makes 8 pointless?+The pixel 8A after reading the specs makes no sense as it is almost identical to the 8 but $200 less so what would even be the point of the regular 8 now? Usally the A's are meant to be a slightly toned down version of the regular and the pro to make a more affordable phone but like at this point its just a 8 with a face lift and a cheaper price tag.
neutral,"['Audio Issues, Video Issues, User Experience, Service, Support, Others, Technical, Voice Quality, Bluetooth, WiFi, Call Drop']","The Verge: ""Excellent screens and build quality"", scores an 8, Pixel 9/Pixel 9 XL Review+"
neutral,"['Audio Issues, Video Issues, User Experience, Service, Support, Others, Technical, Voice Quality, Bluetooth, WiFi, Call Drop']","Improvements to Pixel 9 series setup/out-of-the-box experience: setup times slashed with a new Express option, Google Messages transfers rebuilt ""from the ground up"", eSIM transfers added (for supported carriers), Live Photos from iOS now get converted to Motion Photos, and more+"
neutral,"['Audio Issues, Voice Quality, Bluetooth, WiFi, Call Drop']",Pixel 9 offers full RCS transfer to Google Messages+
neutral,"['Audio Issues, User Experience, Service, Support, Others, Technical, Voice Quality, Bluetooth, WiFi, Call Drop']","Pixel 9 pro holders, do you keep your iPhone for iMessage?+Who here keeps their iPhone mainly for iMessage but heavily use the pixel as their main phone? I got a pixel 9 pro XL and iPhone 15 Pro max. Majority of my friends and family have iPhones in USA and it‚Äôs hard to get them ALL to use WhatsApp. I mainly use WhatsApp while in Germany. I have German Telekom and Google Fi for my USA number. "
neutral,"['User Experience, Service, Technical']","Not getting notifications on all Apps Pixel 8 Pro+Hi I have started getting an issue where not all my apps are sending notifications, such as Ring, Monzo, and Reddit.I have done a factory reset and installed all apps manually, updated the phone and GPS, and Ensured those apps have unrestricted battery and data and notifications are one.I've restarted my router, my AP lan or 5g results are the sameIt's really starting to get on my nerves. Does anyone have a fix?"
neutral,"['Service, Support, Technical']","Official Google support rep tried to phish my account+***See bottom update, turns out the verification prompt was legit and how Google does things.***Hey folks,I posted this on r/Scams but I figured it was warranted to share here as well given this began through the built in support system on my pixel 9 pro.Sooooo, I went through the tips & support menu of my new pixel 9 pro and requested a callback regarding pixel 4a appeasement issues (trying to switch from pixel store credit to either the cash or battery repair of my 4a). I get a callback almost immediately from a Google California number and after hearing me out (though it didn't seem like he was really listening), the rep who called put me on hold and then the call hung up abruptly. I thought that's weird but almost immediately I get a call back from a ~~Sri Lankan~~ Indian number and it's the same guy. I press him on why the call disconnected, he explains there was a network issue and that's why, then he asks if it's ok if he sends a verification prompt to confirm my email, I tell him ""absolutely not"" but he persists and insists that he just needs to verify my account, ""do you have access to your pixel 4a?"" and he listed off my alternate number which clarified what he was trying to do so I hung up.I think this is wild that an official google rep would try this, I imagine there's a few that have fallen for this which is very concerning. I put in a ticket but I wanted you all to know.Update: u/PixelCommunity had a look into this and confirmed as a few of you said that this was legitimate. I very much dislike that this is how it's done but I'm glad my info was not exposed to a bad actor.My apologies folks."
neutral,"['Audio Issues, User Experience, Service, Support, Technical, Voice Quality, Bluetooth, WiFi, Call Drop']","I've had THREE Google Pixels completely crap out on me in less than a year. Am I an irresponsible phone owner or is this an issue with Google phones?+Sort of venting in this post, but also curious to see if I'm the problem, lol...I've had Google Pixel phones for probably the last 8 years or so, starting with I think the 3 or 4? Anyway, about a year ago I had my Google Pixel 5a completely just crap out for no reason. I think it was a well known issue, but I was in a foreign country and the phone completely died and was quite stressed out, thankfully I wasn't traveling alone.That's all well and good, when I got home Google sent me a brand new 5a... which also completely bricked in less than two months of receipt. Yikes. I was so pissed and was constantly up Google support's ass about it, especially since this happened RIGHT when I fully paid off the phone.Google was kind enough to send me a Google Pixel 7 Pro to replace this one! But guess what? IT JUST BRICKED AGAIN 4 MONTHS LATER. WHAT THE FUCK?! The screen started flickering and eventually just does not turn on. Does Google make vaporware phones?I was so excited to have a phone fully paid off and not have any more monthly payments, but now I'm at the point where I think I'll never buy a Pixel again.UPDATE: During troubleshooting with Google support, the screen randomly started working again (after an hour of repeated resets and other attempts), with nothing Google recommended working. When the screen popped back on, it was actually at the end of a system update. I've been having some green screen flickering issues occasionally but nothing that lasted more than a minute until this. I suspect it was just some issue with the flickering occurring during a system update that made it seem like it was beyond repair. That said, the green screen flicker is still there and unresolved, but at least not long lasting. I've removed the OtterBox since some people said that's known to cause overheating and flickering. If there are any recommendations for cases that can avoid this and still provide decent drop protection I'm all ears. "
neutral,"['User Experience, Service, Support, Technical']","Your Google Store order was cancelled+**Auto Cancellations:**  Last week, I ordered a Pixel 9 Pro XL with Preferred Care and a pair of Pixel Buds Pro 2, but 24 hours later, my order was automatically canceled. Thinking I had made a mistake, I reordered, but it was canceled again. When I contacted support, they gave me a non-detailed response, citing ""violation of sales terms"" as the reason for the cancellation. When I asked for more details, they repeated the same phrase and hung up.**Cause:**  The next day, I called again, but they hung up on me despite my polite approach. This time, they mentioned it might be an issue with my payment method, although I regularly use the same card for purchases. I tried again with a different card and made some changes to the order details, but the order was canceled once more. Eventually, I reached someone who went through the payment method with me step by step. They suggested various potential issues, like my name being incorrect or missing tax information (which isn't required)! I asked to speak to a manager, and two days later, I received a generic email from someone named ""Sam"" at store-support, once again citing ""violation of sales terms"" without further explanation.**Resolution:**  After doing some research online, I found that **changing the shipping address might solve the issue**. I used my spouse‚Äôs work address, and six hours later, the phone was shipped and delivered the next day."
neutral,"['Audio Issues, User Experience, Service, Support, Others']","Another victim of phones being stolen in transit+**11-27-24 Update** \- Google has finally come to their senses and issued me a refund.  I ultimately still come out somewhat hosed as I bought a watch and earbuds with the store credit & bonus offer I received with the phone purchase which ultimately got deducted from my refund amount.  I wouldn't have moved forward with either of those purchases had the store credit not been there.  I'm still way better off than I was previously though thanks to your all's interaction with this post.  I still can't recommend purchasing through the Google Store though.  I'd had several positive experiences previously, but the headache of this purchase has made any future purchases not worth the risk to me and I'd strongly advise you to look for in store offers for yourselves.  **Original post** \- I ordered a Pixel 9 Pro XL and case from the google store on 8/28.  On 8/30 I had a package delivered via FedEx, which I ultimately discovered only contained the case that I ordered.  I reached out to Google to confirm they weren't sending two separate packages and they confirmed that the package I received should've contained the phone that I ordered as well.  They then sent out another phone via FedEx that day.  That phone made it to the FedEx distribution center near me and then never updated it's tracking again.  On 9/10, Google sent another phone via FedEx.  That package was delivered on 9/13 and once again I received an empty box.  I then sent Google videos of the delivery, the outside of the package and of me opening the package.  On 9/16 I received the following response:""After careful examination, the Product Specialist  has confirmed that due to circumstances surrounding your request and in adherence to Google Store Sales Terms & Return Policy we couldn't process refund or replacement for your replacement order and their decision is final.""Since that time I've attempted on numerous occasions to try and speak with someone who could actually help me get a resolution to this matter.  Should you ever find yourself in a similar situation, what you will discover is that your only options to contact google are through a web chat or via phone where they call you.  In either circumstance you will be put in touch with someone in a call center who has zero power and will act as your intermediary between you and a ""product specialist"".  The ""product specialist' is the person who actually has the power and I've yet to find a way to directly interact with one.  Google has repeatedly given me the same response and just hides behind their terms and conditions.  I've even had the Missouri Attorney Generals' office reach out on my behalf and they've been provided the same canned response.I've repeatedly asked Google the following questions to which they refuse to respond.  1.  What it is that I've done or should've done that violated their terms and conditions?  2.  Specifically, which of Google‚Äôs terms and conditions have been violated?  3.  Which of Google‚Äôs terms and conditions support its decision to neither provide me with the device I ordered and paid for nor return my money?  At this point I still don't even know what they think I've done wrong.FedEx clearly seems to be the party at fault in this ordeal, but I can't file a freight claim without a waiver from Google and Google hasn't been willing to provide me with one.  At this point my options seem rather limited.  I could file a back charge with my credit card and be made whole on the money that I've paid, but from everything I've read that would result in the nuking of my google account which isn't acceptable to me.  My only other option would be to hire an attorney and request arbitration, but that would be expensive, which is what I'm sure Google is counting on.  At this point I'm posting to warn others and also hoping someone may have another idea or avenue to contact Google that I haven't thought of or tried to this point."
neutral,"['User Experience, Service, Support']","Purchased a Google Pixel 9 Pro Fold that has been stolen by delivery driver - Google refusing to help+Posting on here as I‚Äôm finding myself out of options.The short version is that I was waiting in for a new Google Pixel 9 Pro Fold today when the UK delivery company DPD updated me that the item had been delievered.The picture taken is clearly amongst other parcels, not my house. The name is a misspelling of my own.I've chased up with DPD who said they will investigate the driver but can't help with the parcel. They advised me to raise a 'parcel search investigation' with Google, but advisors on both the phone and live chat state that since it's been delivered ""our job is done"" - no joke, I‚Äôm just being told tough luck, thanks for the money.I actually used klarna through the Google store, which strangely doesn‚Äôt seem to have debited me yet, but even their services seem to suggest ‚Äúask Google‚Äù. Feeling very down about this whole situation and tempted to never buy from Google again after how they‚Äôve handled this. Can anyone please help advise what to do next as a UK customer?‚Äî‚ÄîUPDATE: For those interested or in a similar situation, I‚Äôm now three days in and the Google agents I‚Äôve spoken to have all refused to help - even the manager that had the issue escalated. I‚Äôve got screenshots of them literally saying ‚Äúwe did our job, if you‚Äôre unhappy contact the courier‚Äù.A payment has now been taken by Klarna, despite me flagging this problem. I‚Äôve now started a dispute with Klarna directly to try and help challenge the issues I‚Äôm having with Google. I‚Äôve never known bad customer service like this before.UPDATE 2: Thank you to PixelCommunity for reaching out and helping me to speedily resolve this in the end. It was a nightmare customer experience but posting here definitely made it a little more bearable. "
neutral,"['Audio Issues, Video Issues, User Experience, Service, Support, Others, Technical, Voice Quality, Bluetooth, WiFi, Call Drop']","Google officially confirms the Pixel 6 series, Pixel 7 series, and Pixel Fold will get an additional 2 years of OS updates+The company has [updated a support page](https://support.google.com/pixelphone/answer/4457705?hl=en#zippy=%2Cpixel-pixel-pro-pixel-pro-xl-pixel-pro-fold%2Cpixel-a-pixel-pixel-pro%2Cpixel-a-pixel-pixel-pro-pixel-a-pixel-pixel-pro-pixel-fold%2Cpixel-a-g-pixel-pixel-a-g-pixel-a-pixel-xl-pixel) to mention that these Pixel phones are guaranteed 5 years of updates - including 5 years of OS and security updates - starting from when they went on sale.This means the Pixel 6 series will get updates to Android 16 and Android 17, while the Pixel 7 series and Pixel Fold will get updates to Android 17 and Android 18.H/T Nail Sadykov"
neutral,"['Audio Issues, Voice Quality, Bluetooth']","[Bug] Pixel 9 Pro Fold - Locking phone/switching alls mutes microphone+Hi allI'm encountering an annoying bug that happens often but not always:Whenever I call someone (regular phone/Whatsapp) the phone mutes my microphone when locking the phone, and/or switching to a different app. As soon as I do any of these action, the green ""hot mic""- dot in the upper right corner disappears until I switch back to the phone app/Whatsapp and people on the other end can't hear me anymore.When someone calls me instead, it works fine. I only have the problem when I instigate the call.All needed permissions are granted as far as I know.  This bug occurs on my Pixel Buds, my Airpods and on the speaker.Is there any solution to this problem?Cheers!"
neutral,"['Audio Issues, Video Issues, User Experience, Service, Support, Others, Technical, Voice Quality, Bluetooth, WiFi, Call Drop']",Flossy Carter: Google Pixel 9 Pro Fold - Unboxing and First Impressions+
neutral,"['User Experience, Service, Technical, Voice Quality, Bluetooth, WiFi, Call drop']","2 month old Google Pixel 9 Pro XL - Modem died+My EID suddenly disappeared (and with that my ESIM was disabled) and I initially thought it was an issue with the Android Beta I was running, and I restored it back to stable, but it remained gone. However, both my IMEIs were still visible. I dropped it off at UBreakIFix and they confirmed that it was an issue with the board/modem. They let me have it while the board comes in, and now both IMEIs have also disappeared. Has anyone else had this issue?"
neutral,"['Audio Issues, Video Issues, User Experience, Service, Support, Others, Voice Quality, Bluetooth, WiFi, Call Drop']",Pixel 9 Pro Fold - DN40 Standby Mode Dock - Updated Internals+
neutral,"['User Experience, Service, Technical']","Google Pixel 9 Pro Fold - 3 weeks old, and already inside screen is damaged !!!+I love this phone, but last night when I closed it I heard a crack and now I have this BRIGHT white bar along the bottom. Clearly the screen is damaged so now I have to go through the rigmarole of getting it repaired/replaced... NOT happy. BTW I didn't use excessive force when closing it, just closed it normally like every other time, so I don't understand what happened. To other's out there, just be VERY careful when closing it."
neutral,"['Video Issues, Technical, Service']",Weird dotted line on my screen on day 2 - Pixel 9 Pro XL. +I see this dotted line on my screen on second day of usage. What do you suggest is it a defective screen or it's could be because of the screen guard?https://imgur.com/a/L5oAPkD
neutral,"['Audio Issues, Video Issues, User Experience, Service, Support, Others, Technical, Voice Quality, Bluetooth, WiFi, Call Drop']","Pixel Stand 2 and Peak Design Loop - Pixel 9 Pro - Works for me (sort of)+For all those interested, my stand 2 at least works with the Pro 9 peak design case with the loop.   Granted it charges at about 50% speed, but it charges and the photo frame works.    It does have orange blinking light for a few seconds, but then charges and kicks off the photo frame.   Main reason I bought it is to have the photo frame at work, so my purpose may not be same as everyone else.  Could be the loop version without the centering magnet that allows this to work vs regular case."
neutral,"['Audio Issues, Video Issues, User Experience, Service, Support, Others, Technical, Voice Quality, Bluetooth, WiFi, Call Drop']","Pixel 9 Pro Fold Review: Sleek Design, But Does It Deliver? - Thao Huynh+"
neutral,"['Audio Issues, Video Issues, User Experience, Service, Support, Others, Technical, Voice Quality, Bluetooth, WiFi, Call Drop']","Google reduces Pixel 9, Pixel 9 Pro and Pixel 9 Pro Fold smartphones by 30% in early Black Friday deal+"
neutral,"['Service, Support, Others']","Purchased a Google Pixel 9 Pro Fold that has been stolen by delivery driver - Google refusing to help+Posting on here as I‚Äôm finding myself out of options.The short version is that I was waiting in for a new Google Pixel 9 Pro Fold today when the UK delivery company DPD updated me that the item had been delievered.The picture taken is clearly amongst other parcels, not my house. The name is a misspelling of my own.I've chased up with DPD who said they will investigate the driver but can't help with the parcel. They advised me to raise a 'parcel search investigation' with Google, but advisors on both the phone and live chat state that since it's been delivered ""our job is done"" - no joke, I‚Äôm just being told tough luck, thanks for the money.I actually used klarna through the Google store, which strangely doesn‚Äôt seem to have debited me yet, but even their services seem to suggest ‚Äúask Google‚Äù. Feeling very down about this whole situation and tempted to never buy from Google again after how they‚Äôve handled this. Can anyone please help advise what to do next as a UK customer?‚Äî‚ÄîUPDATE: For those interested or in a similar situation, I‚Äôm now three days in and the Google agents I‚Äôve spoken to have all refused to help - even the manager that had the issue escalated. I‚Äôve got screenshots of them literally saying ‚Äúwe did our job, if you‚Äôre unhappy contact the courier‚Äù.A payment has now been taken by Klarna, despite me flagging this problem. I‚Äôve now started a dispute with Klarna directly to try and help challenge the issues I‚Äôm having with Google. I‚Äôve never known bad customer service like this before.UPDATE 2: Thank you to PixelCommunity for reaching out and helping me to speedily resolve this in the end. It was a nightmare customer experience but posting here definitely made it a little more bearable. "
neutral,"['Audio Issues, Video Issues, User Experience, Service, Support, Others, Technical, Voice Quality, Bluetooth, WiFi, Call Drop']","Exclusive: Pixel 9 Pro Fold could be the name of Google's next foldable, not Fold 2+"
neutral,"['Audio Issues, Video Issues, User Experience, Service, Support, Others, Technical, Voice Quality, Bluetooth, WiFi, Call Drop']",Google Pixel 9 Pro Fold Review by MrMobile: ‚ÄúThe End of the Beginning‚Äù+
neutral,"['Audio Issues, Video Issues, User Experience, Service, Support, Others, Technical, Voice Quality, Bluetooth, WiFi, Call Drop']","[Exclusive] Google Pixel 9 Pro Fold price revealed; promo images show display size, AI features and more+"
neutral,"['Audio Issues, User Experience, Service, Support, Others, Technical, Voice Quality, Bluetooth, WiFi, Call Drop']",Exclusive: Google Pixel 9 Pro Fold won't ship until September+
neutral,"['Audio Issues, Video Issues, User Experience, Service, Support, Others, Technical, Voice Quality, Bluetooth, WiFi, Call Drop']","Google officially confirms the Pixel 6 series, Pixel 7 series, and Pixel Fold will get an additional 2 years of OS updates+The company has [updated a support page](https://support.google.com/pixelphone/answer/4457705?hl=en#zippy=%2Cpixel-pixel-pro-pixel-pro-xl-pixel-pro-fold%2Cpixel-a-pixel-pixel-pro%2Cpixel-a-pixel-pixel-pro-pixel-a-pixel-pixel-pro-pixel-fold%2Cpixel-a-g-pixel-pixel-a-g-pixel-a-pixel-xl-pixel) to mention that these Pixel phones are guaranteed 5 years of updates - including 5 years of OS and security updates - starting from when they went on sale.This means the Pixel 6 series will get updates to Android 16 and Android 17, while the Pixel 7 series and Pixel Fold will get updates to Android 17 and Android 18.H/T Nail Sadykov"
neutral,"['Audio Issues, Video Issues, User Experience, Service, Support, Others, Technical, Voice Quality, Bluetooth, WiFi, Call Drop']",Pixel 9 Pro Fold fails Google's durability hype in excruciating new bend-test video+
neutral,['- User Experience\n- Service\n- Support'],Pixel 8 Pro shows blocked numbers calling in notifications and recent call log screen. How to turn this off?+I have blocked/spam numbers calling constantly. I don‚Äôt want to get notifications these ‚Äùblocked‚Äù numbers are calling I don‚Äôt want to see these numbers listed in my recent call log screen  I don‚Äôt want to have to manually swipe notifications or manually delete record of them calling from my recent call logs. What setting need to be adjusted to ensure I don‚Äôt have/don‚Äôt see notifications for blocked numbers when they call?What settings need to be adjusted so I don‚Äôt ever have to see blocked numbers listed in my recent call log? 
neutral,"['Audio Issues, Video Issues, User Experience, Service, Support, Others, Technical, Voice Quality, Bluetooth, WiFi, Call Drop']",Flossy Carter: Google Pixel 9 Pro Fold - Unboxing and First Impressions+
neutral,"['Service, Support, Others']","Purchased a Google Pixel 9 Pro Fold that has been stolen by delivery driver - Google refusing to help+Posting on here as I‚Äôm finding myself out of options.The short version is that I was waiting in for a new Google Pixel 9 Pro Fold today when the UK delivery company DPD updated me that the item had been delievered.The picture taken is clearly amongst other parcels, not my house. The name is a misspelling of my own.I've chased up with DPD who said they will investigate the driver but can't help with the parcel. They advised me to raise a 'parcel search investigation' with Google, but advisors on both the phone and live chat state that since it's been delivered ""our job is done"" - no joke, I‚Äôm just being told tough luck, thanks for the money.I actually used klarna through the Google store, which strangely doesn‚Äôt seem to have debited me yet, but even their services seem to suggest ‚Äúask Google‚Äù. Feeling very down about this whole situation and tempted to never buy from Google again after how they‚Äôve handled this. Can anyone please help advise what to do next as a UK customer?‚Äî‚ÄîUPDATE: For those interested or in a similar situation, I‚Äôm now three days in and the Google agents I‚Äôve spoken to have all refused to help - even the manager that had the issue escalated. I‚Äôve got screenshots of them literally saying ‚Äúwe did our job, if you‚Äôre unhappy contact the courier‚Äù.A payment has now been taken by Klarna, despite me flagging this problem. I‚Äôve now started a dispute with Klarna directly to try and help challenge the issues I‚Äôm having with Google. I‚Äôve never known bad customer service like this before.UPDATE 2: Thank you to PixelCommunity for reaching out and helping me to speedily resolve this in the end. It was a nightmare customer experience but posting here definitely made it a little more bearable. "
neutral,"['Audio Issues, Video Issues, User Experience, Service, Support, Others, Technical, Voice Quality, Bluetooth, WiFi, Call Drop']","Google officially confirms the Pixel 6 series, Pixel 7 series, and Pixel Fold will get an additional 2 years of OS updates+The company has [updated a support page](https://support.google.com/pixelphone/answer/4457705?hl=en#zippy=%2Cpixel-pixel-pro-pixel-pro-xl-pixel-pro-fold%2Cpixel-a-pixel-pixel-pro%2Cpixel-a-pixel-pixel-pro-pixel-a-pixel-pixel-pro-pixel-fold%2Cpixel-a-g-pixel-pixel-a-g-pixel-a-pixel-xl-pixel) to mention that these Pixel phones are guaranteed 5 years of updates - including 5 years of OS and security updates - starting from when they went on sale.This means the Pixel 6 series will get updates to Android 16 and Android 17, while the Pixel 7 series and Pixel Fold will get updates to Android 17 and Android 18.H/T Nail Sadykov"
neutral,"['Audio Issues, Video Issues, User Experience, Service, Support, Others, Technical, Voice Quality, Bluetooth, WiFi, Call Drop']",The Google Pixel 9 Pro is the Android Authority Editor's Choice winner for best phone of 2024+
neutral,"['Audio Issues, Video Issues, User Experience, Service, Support, Others, Technical, Voice Quality, Bluetooth, WiFi, Call Drop']",Pixel 9 Pro wins Techradar Phone of the Year award+
neutral,"['User Experience, Service, Technical']","128GB baseline storage for the Pixel 9 Pro XL feels stingy, huh?+"
neutral,"['Audio Issues, User Experience, Service, Support, Others, Voice Quality, Bluetooth, WiFi, Call Drop']",Pixel 9 Pro reportedly costs Google around $400 in materials to make+
neutral,"['Audio Issues, Video Issues, User Experience, Service, Support, Others, Technical, Voice Quality, Bluetooth, WiFi, Call Drop']",Google Pixel 9 Pro XL review+
neutral,"['Audio Issues, Video Issues, User Experience, Service, Support, Others, Technical, Voice Quality, Bluetooth, WiFi, Call Drop']",Google Pixel 9 Pro XL: The longest battery life we've ever recorded+
neutral,"['Audio Issues, Video Issues, User Experience, Service, Support, Others, Technical, Voice Quality, Bluetooth, WiFi, Call Drop']",Introducing the Google Pixel 9 Pro+
neutral,"['Audio Issues, Video Issues, User Experience, Service, Support, Others, Technical, Voice Quality, Bluetooth, WiFi, Call Drop']",Google Pixel 9 Pro review - GSMArena.com tests+
neutral,"['Audio Issues, Video Issues, User Experience, Service, Support, Others, Technical, Voice Quality, Bluetooth, WiFi, Call Drop']",The Pixel 9 Pro is the small Android phone I've been waiting for - Android Authority+
neutral,"['Audio Issues, Video Issues, User Experience, Service, Support, Others, Technical, Voice Quality, Bluetooth, WiFi, Call Drop']","Pixel 9, 9 Pro, 9 Pro XL, and 9 Pro Fold leak reveals European prices, colors+"
neutral,"['Audio Issues, Video Issues, User Experience, Service, Support, Others, Technical, Voice Quality, Bluetooth, WiFi, Call Drop']",Google Pixel 8A Impressions: Just Get The 8! - YouTube+
neutral,"['Audio Issues, Video Issues, User Experience, Service, Support, Others, Technical, Voice Quality, Bluetooth, WiFi, Call Drop']",Google Pixel 9/Pro Review: Gimmick or Good? - MKBHD+
neutral,"['Audio Issues, Video Issues, User Experience, Service, Support, Others, Technical, Voice Quality, Bluetooth, WiFi, Call Drop']",Google Pixel 9 Pro XL vs. Samsung Galaxy S24 Ultra+
neutral,"['Audio Issues, Video Issues, User Experience, Service, Support, Others, Technical, Voice Quality, Bluetooth, WiFi, Call Drop']",Pixel 9 Pro XL vs iPhone 15 Pro Max vs S24 Ultra - Heavy Workload Test+
neutral,"['Audio Issues, Video Issues, User Experience, Service, Support, Others, Technical, Voice Quality, Bluetooth, WiFi, Call Drop']",Pixel 9a leaked - ShrimpApplePro+
neutral,"['Audio Issues, User Experience, Service, Support, Technical, Voice Quality, Bluetooth, WiFi, Call Drop']","Someone casually used a Pixel 9 Pro Fold at a Starbucks, complete with official case+"
neutral,"['Audio Issues, User Experience, Technical, Voice Quality, Bluetooth, WiFi']","Pixel 9 Pro Battery Life is Really, Really Good+"
neutral,"['The provided text does not contain any information regarding the Ice Universe on X, so I am unable to extract the requested data from the given context.']","Ice Universe on X: ""The S25 Ultra will be the thinnest and lightest of all Ultra flagship phones to be released soon, including iPhone 16 Pro Max and Pixel 9 Pro XL.""+"
neutral,"['Audio Issues, Video Issues, User Experience, Service, Support, Others, Technical, Voice Quality, Bluetooth, WiFi, Call Drop']","Google finally enables display output on the Pixel 8, here's what it could mean for a DeX-like mode+"
neutral,"['Audio Issues, Video Issues, User Experience, Service, Support, Others, Technical, Voice Quality, Bluetooth, WiFi, Call Drop']",Google‚Äôs Pixel 8 series gets USB-C to DisplayPort; desktop mode rumors heat up+
neutral,"['Voice Quality, Bluetooth, User Experience']",Android 15 will let you find your Pixel 8 even when it's off+
neutral,"['Audio Issues, Video Issues, User Experience, Service, Support, Others, Technical, Voice Quality, Bluetooth, WiFi, Call Drop']","Real-life pictures and specs of Pixel 9, 9 Pro and 9 Pro XL+"
neutral,"['Audio Issues, Video Issues, User Experience, Service, Support, Others, Technical, Voice Quality, Bluetooth, WiFi, Call Drop']",Google Pixel 9 Pro smartphone review - The compact flagship with great cameras+
neutral,"['Audio Issues, Video Issues, User Experience, Service, Support, Others, Technical, Voice Quality, Bluetooth, WiFi, Call Drop']","Google officially confirms the Pixel 6 series, Pixel 7 series, and Pixel Fold will get an additional 2 years of OS updates+The company has [updated a support page](https://support.google.com/pixelphone/answer/4457705?hl=en#zippy=%2Cpixel-pixel-pro-pixel-pro-xl-pixel-pro-fold%2Cpixel-a-pixel-pixel-pro%2Cpixel-a-pixel-pixel-pro-pixel-a-pixel-pixel-pro-pixel-fold%2Cpixel-a-g-pixel-pixel-a-g-pixel-a-pixel-xl-pixel) to mention that these Pixel phones are guaranteed 5 years of updates - including 5 years of OS and security updates - starting from when they went on sale.This means the Pixel 6 series will get updates to Android 16 and Android 17, while the Pixel 7 series and Pixel Fold will get updates to Android 17 and Android 18.H/T Nail Sadykov"
neutral,"['Audio Issues, Voice Quality, Bluetooth, WiFi']","Confirmed: The Pixel 9 phones have a new modem, and that's a big deal+"
neutral,"['Audio Issues, Video Issues, User Experience, Service, Support, Others, Voice Quality, Bluetooth, WiFi, Call Drop']",Samsung Galaxy S25 vs. Google Pixel 9: You can‚Äôt go wrong with either+
neutral,"['Audio Issues, Video Issues, User Experience, Service, Support, Others, Technical, Voice Quality, Bluetooth, WiFi, Call Drop']",The Google Pixel 9 Pro is the Android Authority Editor's Choice winner for best phone of 2024+
neutral,"['Audio Issues, User Experience, Service, Support, Others, Technical, Voice Quality, Bluetooth, WiFi, Call Drop']","The Google Pixel 9 is a hit: Pixels earn double-digit market share for the first time
+"
neutral,"['Audio Issues, Video Issues, User Experience, Service, Support, Others, Voice Quality, Bluetooth, WiFi, Call Drop']","The Pixel 9‚Äôs Tensor G4 chip isn‚Äôt designed for speed or to beat benchmarks, says Google | Exclusive+"
neutral,"['Audio Issues, User Experience, Service, Support, Others, Technical, Voice Quality, Bluetooth, WiFi, Call Drop']","Exclusive: Pixel 9 Buyers get Google One 2TB, Fitbit Premium & YouTube Premium included+"
neutral,"['User Experience, Technical']",Exclusive: Google is finally adding an ultrasonic fingerprint reader to the Pixel 9+
neutral,"['Audio Issues, Video Issues, User Experience, Service, Support, Others, Technical, Voice Quality, Bluetooth, WiFi, Call Drop']",Pixel 9 Pro wins Techradar Phone of the Year award+
neutral,"['Audio Issues, User Experience, Service, Support, Technical, Voice Quality, Bluetooth, WiFi, Call Drop']","The Pixel 9 phones don't support Qi2 charging, and Google told us why [Qi2 has ""no tangible benefits, weaker availability""]+"
neutral,"['Audio Issues, User Experience, Technical, Voice Quality, Bluetooth']",Poll result: The Tensor G4 is a Pixel 9 dealbreaker for many+
neutral,"['Audio Issues, Video Issues, User Experience, Service, Support, Others, Technical, Voice Quality, Bluetooth, WiFi, Call Drop']",So why is the Pixel 9 series more expensive?+
neutral,"['User Experience, Service, Others']","128GB baseline storage for the Pixel 9 Pro XL feels stingy, huh?+"
neutral,"['Audio Issues, Video Issues, User Experience, Service, Support, Others, Technical, Voice Quality, Bluetooth, WiFi, Call Drop']",Pixel 9 Pro reportedly costs Google around $400 in materials to make+
neutral,"['Audio Issues, Video Issues, User Experience, Service, Support, Others, Technical, Voice Quality, Bluetooth, WiFi, Call Drop']",Google Pixel 9 Pro XL review+
neutral,"['User Experience, Service']","Android will no longer call slow chargers 'fast,' but only on Pixel 9 so far+"
neutral,"['Audio Issues, User Experience, Technical']",Exclusive: Google Pixel 9‚Äôs Tensor G4 is the smallest upgrade to the series so far+
neutral,"['Audio Issues, Video Issues, User Experience, Service, Support, Others, Technical, Voice Quality, Bluetooth, WiFi, Call Drop']",Google Pixel 9 Pro XL: The longest battery life we've ever recorded+
neutral,"['Audio Issues, Video Issues, User Experience, Service, Support, Others, Technical, Voice Quality, Bluetooth, WiFi, Call Drop']",Introducing the Google Pixel 9 Pro+
neutral,"['Audio Issues, Video Issues, User Experience, Service, Support, Others, Technical, Voice Quality, Bluetooth, WiFi, Call Drop']","Pixel 9 leak reveals Tensor G4 specs, benchmarks+"
neutral,"['Audio Issues, Video Issues, User Experience, Service, Support, Others, Technical, Voice Quality, Bluetooth, WiFi, Call Drop']",Google Pixel 9 Pro review - GSMArena.com tests+
neutral,"['Audio Issues, User Experience, Service, Technical, Voice Quality, Bluetooth, WiFi, Call Drop']",Why is Google launching the Pixel 9 so early?+
neutral,"['Audio Issues, Video Issues, User Experience, Service, Support, Others, Technical, Voice Quality, Bluetooth, WiFi, Call Drop']",Google Pixel 9 - A Long Term User Review - Hardware Canucks+
neutral,"['Audio Issues, Video Issues, User Experience, Service, Support, Others, Technical, Voice Quality, Bluetooth, WiFi, Call Drop']",The Pixel 9 Pro is the small Android phone I've been waiting for - Android Authority+
neutral,"['Audio Issues, Video Issues, User Experience, Service, Support, Others, Technical, Voice Quality, Bluetooth, WiFi, Call Drop']","Pixel 9, 9 Pro, 9 Pro XL, and 9 Pro Fold leak reveals European prices, colors+"
neutral,"['Audio Issues, Video Issues, User Experience, Service, Support, Others, Technical, Voice Quality, Bluetooth, WiFi, Call Drop']","December Pixel Drop: New features for your Pixel phone, Tablet and more+"
neutral,"['Audio Issues, User Experience, Service, Technical, Bluetooth']",Android 15 could let your Pixel Watch control your phone's media output+
neutral,"['Audio Issues, Voice Quality, Bluetooth, User Experience, Service, Support, Others']","Google Pixel Watch 5 might be getting a custom Tensor chip / After five generations of Tensor-based phones, Google might also be putting a custom chip in its smartwatches.+"
neutral,"['Audio Issues, User Experience, Service, Support, Bluetooth, WiFi']","Sources: Pixel Watch 3 will have 45mm size, Pixel Buds Pro 2 also coming+"
neutral,"['Audio Issues, User Experience, Service, Support, Technical, Bluetooth, WiFi, Call Drop']",Pixel Watch companion app will soon get support for syncing app permissions between your phone and watch+
neutral,"['Audio Issues, Video Issues, User Experience, Service, Support, Others, Technical, Voice Quality, Bluetooth, WiFi, Call Drop']","Google officially confirms the Pixel 6 series, Pixel 7 series, and Pixel Fold will get an additional 2 years of OS updates+The company has [updated a support page](https://support.google.com/pixelphone/answer/4457705?hl=en#zippy=%2Cpixel-pixel-pro-pixel-pro-xl-pixel-pro-fold%2Cpixel-a-pixel-pixel-pro%2Cpixel-a-pixel-pixel-pro-pixel-a-pixel-pixel-pro-pixel-fold%2Cpixel-a-g-pixel-pixel-a-g-pixel-a-pixel-xl-pixel) to mention that these Pixel phones are guaranteed 5 years of updates - including 5 years of OS and security updates - starting from when they went on sale.This means the Pixel 6 series will get updates to Android 16 and Android 17, while the Pixel 7 series and Pixel Fold will get updates to Android 17 and Android 18.H/T Nail Sadykov"
neutral,"['User Experience, Service, Technical']","128GB baseline storage for the Pixel 9 Pro XL feels stingy, huh?+"
neutral,"['Audio Issues, Video Issues, User Experience, Service, Support, Others, Technical, Voice Quality, Bluetooth, WiFi, Call Drop']",Google Pixel 9 Pro XL review+
neutral,"['Audio Issues, Video Issues, User Experience, Service, Support, Others, Technical, Voice Quality, Bluetooth, WiFi, Call Drop']",Google Pixel 9 Pro XL: The longest battery life we've ever recorded+
neutral,"['Audio Issues, Video Issues, User Experience, Service, Support, Others, Technical, Voice Quality, Bluetooth, WiFi, Call Drop']","Pixel 9, 9 Pro, 9 Pro XL, and 9 Pro Fold leak reveals European prices, colors+"
neutral,"['Audio Issues, Video Issues, User Experience, Service, Support, Others, Technical, Voice Quality, Bluetooth, WiFi, Call Drop']",Google Pixel 9 Pro XL vs. Samsung Galaxy S24 Ultra+
neutral,"['Audio Issues, Video Issues, User Experience, Service, Support, Others, Technical, Voice Quality, Bluetooth, WiFi, Call Drop']",Pixel 9 Pro XL vs iPhone 15 Pro Max vs S24 Ultra - Heavy Workload Test+
neutral,"['The provided text does not contain any information regarding the classification of the Ice Universe on X, so I am unable to extract the requested data from the given context.']","Ice Universe on X: ""The S25 Ultra will be the thinnest and lightest of all Ultra flagship phones to be released soon, including iPhone 16 Pro Max and Pixel 9 Pro XL.""+"
neutral,"['Audio Issues, Video Issues, User Experience, Service, Support, Others, Technical, Voice Quality, Bluetooth, WiFi, Call Drop']","Real-life pictures and specs of Pixel 9, 9 Pro and 9 Pro XL+"
neutral,"['Audio Issues, Video Issues, User Experience, Service, Support, Others, Technical, Voice Quality, Bluetooth, WiFi, Call Drop']",Pixel 9 Pro XL is one of the top 10 premium phones in the US+
neutral,"['Audio Issues, Video Issues, User Experience, Service, Support, Others, Technical, Voice Quality, Bluetooth, WiFi, Call Drop']",Google Pixel 9 Pro (XL) Review: Nailed It!+
neutral,"['Audio Issues, Video Issues, User Experience, Service, Support, Others, Technical, Voice Quality, Bluetooth, WiFi, Call Drop']","PSA: Indian, Singaporean and Malaysian variants of Pixel 9 Pro (XL) DO NOT HAVE LTPO DISPLAY!!!+"
neutral,"['Audio Issues, Video Issues, User Experience, Service, Support, Others, Technical, Voice Quality, Bluetooth, WiFi, Call Drop']",999 Photos on the Pixel 9 Pro XL - Becca Farsace+
neutral,"['Audio Issues, Video Issues, User Experience, Service, Support, Others, Technical, Voice Quality, Bluetooth, WiFi, Call Drop']",Where is Zoom Enhance for Pixel 8 Pro? 9to5google+
neutral,"['Audio Issues, Video Issues, User Experience, Service, Support, Others, Technical, Voice Quality, Bluetooth, WiFi, Call Drop']",Google Pixel 9 Pro XL Is Here ‚Äì Exclusive Features (Tested)+
neutral,"['Audio Issues, Video Issues, User Experience, Service, Support, Others, Technical, Voice Quality, Bluetooth, WiFi, Call Drop']",Pixel 9 and Pixel 9 Pro XL render - Sudhanshu Ambhore+****
neutral,"['Audio Issues, Video Issues, User Experience, Service, Support, Others, Voice Quality, Bluetooth, WiFi, Call Drop']","Switched from iPhone 15 Pro Max to Pixel 8 Pro‚Äîmeant to use it for travel, now I can‚Äôt put it down!+"
neutral,"['Audio Issues, Video Issues, User Experience, Service, Support, Others, Technical, Voice Quality, Bluetooth, WiFi, Call Drop']",The Google Pixel 9 Pro XL‚Äôs chipset seemingly can‚Äôt hold up under pressure+
neutral,"['Audio Issues, Video Issues, User Experience, Service, Support, Others, Technical, Voice Quality, Bluetooth, WiFi, Call Drop']",The FIRST Snapdragon 8 Elite Flagship: realme GT 7 Pro Unboxing+
neutral,"['Audio Issues, Video Issues, User Experience, Service, Support, Others, Technical, Voice Quality, Bluetooth, WiFi, Call Drop']","Pixel vs Samsung (OneUI) features - Trying to make a list+I'm trying to make a list of what you gain or lose in Samsung's environment versus Google's. This is a list of features I could think of that are on one platform, but not the other. Samsung Exclusives:* **Dex** Desktop Android - ~~Going away in OneUI 7~~ The desktop app is going away, Dex is staying.* ~~**SD Cards**~~ - None of their new phones, after the S20, have SD card slots* **Split audio** - You can pipe one app through one output and another app through another output (e.g. Chrome goes through the phone's speakers and YouTube goes through Bluetooth) * **Game mode** - Little features that make gaming easier, like locking the screen from touches, performance mode, hiding notifications, etc... * **Being able to map double clicking the power button to the flashlight instead of the camera** - This one ANNOYS THE SHIT OUT OF ME on Pixel. Moto let's you karate chop, Samsung let's you remap the power button, Pixel tells you to go fuck yourself even though there are literally hundreds and hundreds of complaints about this on their support forums and reddit. * **All of the Samsung ecosystem** - Bixby, Samsung Wallet, Samsung Find My Device, Galaxy App Store, etc... Not that anyone actually uses any of this. * **Miracast** - You can mirror your screen wirelessly to Roku sticks or any TV (most TVs) that support Miracast.* **Reset phone after 15 unlock attempts** - For some reason even though Apple and Samsung offer this feature, Pixel doesn't. * **Repeat notifications** - If you get a text or something you can make the phone ding multiple times instead of once (this is possible on Pixel with the Buzzkill app) Google Exclusives: ~~* **Call screening** - Unknown callers or people you don't want to talk to talk to Google and you see a text transcription on your phone~~ Bixby Text Call does this  * **Text transcriptions of voicemails** - Visual Voicemail without have to pay for it from the carrier (or use Google Voice)* **Wait on hold for me / Text navigation of IVRs** - Google goes through IVRs and alerts you when a human comes on the line* **Call summaries** - After years of actively blocking call recording (at least in the US) they now let Gemini Nano listen to your calls and make a call summary afterwards (at least on Pixel 9 and above - not on 8a) * **Seamless updates** - Updates install in the background, you reboot your phone, it's installed. Doesn't take 10+ minutes of installing They both have a bunch of AI camera stuff. Mainly the same functionality. It really seems like the unique features are the least unique they've ever been. Things like one hand mode, lock down, work profile, etc... that used to be OneUI exclusives were just absorbed by AOSP/Pixel. I'm sure I'm missing many things - Can you help me fill out the list?"
neutral,"['Audio Issues, Video Issues, User Experience, Service, Support, Others, Technical, Voice Quality, Bluetooth, WiFi, Call Drop']",Google Pixel 8A Impressions: Just Get The 8! - YouTube+
neutral,"['Audio Issues, Video Issues, User Experience, Service, Support, Others, Technical, Voice Quality, Bluetooth, WiFi, Call Drop']",Exclusive: New Google Pixel 8a Renders Leak with 7 years of Security Updates & More+
neutral,"['Audio Issues, User Experience, Service, Support, Technical, Voice Quality, Bluetooth, WiFi, Call Drop']",Google begins shipping locally made Pixel 8 in India ahead of Pixel 9 launch+
neutral,"['Audio Issues, Video Issues, User Experience, Service, Support, Others, Technical, Voice Quality, Bluetooth, WiFi, Call Drop']","Google IO 2024 MEGATHREAD+Day 1: AI AI AI (Android is day 2) AI AI AI - google[Livestream](https://www.youtube.com/watch?v=XEzRZ35urlk)[ASL Livestream](https://www.youtube.com/watch?v=6rP2rEWsfpM)Recap[Mishaal's thread ](https://twitter.com/MishaalRahman/status/1790427549031604592)[Day 1 of google I/O in a nutshell](https://youtube.com/clip/Ugkx4ugL0gJnky9Os0Qedztp6ZPniw6Ps3tL?si=qT-U16x2EgiXkeqY)  Hardware:New google glass?Software:[Improved Google photo search](https://twitter.com/Google/status/1790428759700463632?s=19)[Video/image fx](https://aitestkitchen.withgoogle.com/tools/video-fx)[Gemini nano on pixel 8](https://twitter.com/MishaalRahman/status/1790441314565386584?t=So1Uu4XPgcrE0-oExEdbpQ&s=19)[Gemini context aware feature](https://twitter.com/MishaalRahman/status/1790441795878633625)[Circle to search homework tool](https://twitter.com/MishaalRahman/status/1790442244241256760)[Gemini in android studio update](https://twitter.com/MishaalRahman/status/1790442556482093491)[Gemini nano on chromebooks/pc](https://twitter.com/MishaalRahman/status/1790442951535214957)[Google play store tools for devs](https://twitter.com/MishaalRahman/status/1790444808236069066)Day 2: please be Android [No live stream for today üò≠](https://twitter.com/puf/status/1790762905073512728?t=yE9jaSEXJCqe0FQaBcNZew&s=19)[Android 15 beta 2 release notes](https://developer.android.com/about/versions/15/release-notes)[Mishaal's overview of android 15 beta 2](https://twitter.com/MishaalRahman/status/1790789322465227197)[9to5google android 15 beta 2 overview](https://9to5google.com/2024/05/15/android-15-beta-2-pixel/)[10 updates coming to the Android ecosystem](https://blog.google/products/android/android-15-google-io-2024/#theft-privacy-security)Please let me know if I missing anything, by posting the link in the comments to let me know. Thank you."
neutral,"['Audio Issues, Video Issues, User Experience, Service, Support, Others, Technical, Voice Quality, Bluetooth, WiFi, Call Drop']",PhoneArena - Google Pixel 8a Review: The Pixel 8 killer+
neutral,"['Audio Issues, Video Issues, User Experience, Service, Support, Others, Technical, Voice Quality, Bluetooth, WiFi, Call Drop']","Pixel vs Samsung (OneUI) features - Trying to make a list+I'm trying to make a list of what you gain or lose in Samsung's environment versus Google's. This is a list of features I could think of that are on one platform, but not the other. Samsung Exclusives:* **Dex** Desktop Android - ~~Going away in OneUI 7~~ The desktop app is going away, Dex is staying.* ~~**SD Cards**~~ - None of their new phones, after the S20, have SD card slots* **Split audio** - You can pipe one app through one output and another app through another output (e.g. Chrome goes through the phone's speakers and YouTube goes through Bluetooth) * **Game mode** - Little features that make gaming easier, like locking the screen from touches, performance mode, hiding notifications, etc... * **Being able to map double clicking the power button to the flashlight instead of the camera** - This one ANNOYS THE SHIT OUT OF ME on Pixel. Moto let's you karate chop, Samsung let's you remap the power button, Pixel tells you to go fuck yourself even though there are literally hundreds and hundreds of complaints about this on their support forums and reddit. * **All of the Samsung ecosystem** - Bixby, Samsung Wallet, Samsung Find My Device, Galaxy App Store, etc... Not that anyone actually uses any of this. * **Miracast** - You can mirror your screen wirelessly to Roku sticks or any TV (most TVs) that support Miracast.* **Reset phone after 15 unlock attempts** - For some reason even though Apple and Samsung offer this feature, Pixel doesn't. * **Repeat notifications** - If you get a text or something you can make the phone ding multiple times instead of once (this is possible on Pixel with the Buzzkill app) Google Exclusives: ~~* **Call screening** - Unknown callers or people you don't want to talk to talk to Google and you see a text transcription on your phone~~ Bixby Text Call does this  * **Text transcriptions of voicemails** - Visual Voicemail without have to pay for it from the carrier (or use Google Voice)* **Wait on hold for me / Text navigation of IVRs** - Google goes through IVRs and alerts you when a human comes on the line* **Call summaries** - After years of actively blocking call recording (at least in the US) they now let Gemini Nano listen to your calls and make a call summary afterwards (at least on Pixel 9 and above - not on 8a) * **Seamless updates** - Updates install in the background, you reboot your phone, it's installed. Doesn't take 10+ minutes of installing They both have a bunch of AI camera stuff. Mainly the same functionality. It really seems like the unique features are the least unique they've ever been. Things like one hand mode, lock down, work profile, etc... that used to be OneUI exclusives were just absorbed by AOSP/Pixel. I'm sure I'm missing many things - Can you help me fill out the list?"
neutral,"['Audio Issues, User Experience, Service, Technical, Voice Quality, Bluetooth, WiFi, Call Drop']",Pixel 9 offers full RCS transfer to Google Messages+
neutral,"['Audio Issues, Video Issues, User Experience, Service, Support, Others, Technical, Voice Quality, Bluetooth, WiFi, Call Drop']","Starlink satellite messaging support is rolling out to the Pixel 9+Looks like T-Mobile and Starlink are starting to let some Pixel 9 users into the satellite messaging beta.Just heard from two Pixel 9 Pro XL users that they were invited to the beta. When the beta first launched two weeks ago, [it was reported](https://www.pcmag.com/news/t-mobile-begins-cellular-starlink-beta-but-it-only-works-on-these-samsung) that only 5 Samsung models were supported (Z Flip 6, Z Fold 6, S24 series). My OnePlus 13 wasn't accepted into the beta, but hopefully that'll change soon.FWIW: Google has been testing Starlink support on the Pixel 9 for a few months now."
neutral,"['Audio Issues, Video Issues, User Experience, Service, Support, Others, Technical, Voice Quality, Bluetooth, WiFi, Call Drop']","Pixel vs Samsung (OneUI) features - Trying to make a list+I'm trying to make a list of what you gain or lose in Samsung's environment versus Google's. This is a list of features I could think of that are on one platform, but not the other. Samsung Exclusives:* **Dex** Desktop Android - ~~Going away in OneUI 7~~ The desktop app is going away, Dex is staying.* ~~**SD Cards**~~ - None of their new phones, after the S20, have SD card slots* **Split audio** - You can pipe one app through one output and another app through another output (e.g. Chrome goes through the phone's speakers and YouTube goes through Bluetooth) * **Game mode** - Little features that make gaming easier, like locking the screen from touches, performance mode, hiding notifications, etc... * **Being able to map double clicking the power button to the flashlight instead of the camera** - This one ANNOYS THE SHIT OUT OF ME on Pixel. Moto let's you karate chop, Samsung let's you remap the power button, Pixel tells you to go fuck yourself even though there are literally hundreds and hundreds of complaints about this on their support forums and reddit. * **All of the Samsung ecosystem** - Bixby, Samsung Wallet, Samsung Find My Device, Galaxy App Store, etc... Not that anyone actually uses any of this. * **Miracast** - You can mirror your screen wirelessly to Roku sticks or any TV (most TVs) that support Miracast.* **Reset phone after 15 unlock attempts** - For some reason even though Apple and Samsung offer this feature, Pixel doesn't. * **Repeat notifications** - If you get a text or something you can make the phone ding multiple times instead of once (this is possible on Pixel with the Buzzkill app) Google Exclusives: ~~* **Call screening** - Unknown callers or people you don't want to talk to talk to Google and you see a text transcription on your phone~~ Bixby Text Call does this  * **Text transcriptions of voicemails** - Visual Voicemail without have to pay for it from the carrier (or use Google Voice)* **Wait on hold for me / Text navigation of IVRs** - Google goes through IVRs and alerts you when a human comes on the line* **Call summaries** - After years of actively blocking call recording (at least in the US) they now let Gemini Nano listen to your calls and make a call summary afterwards (at least on Pixel 9 and above - not on 8a) * **Seamless updates** - Updates install in the background, you reboot your phone, it's installed. Doesn't take 10+ minutes of installing They both have a bunch of AI camera stuff. Mainly the same functionality. It really seems like the unique features are the least unique they've ever been. Things like one hand mode, lock down, work profile, etc... that used to be OneUI exclusives were just absorbed by AOSP/Pixel. I'm sure I'm missing many things - Can you help me fill out the list?"
neutral,"['Audio Issues, Video Issues, User Experience, Service, Support, Others, Technical, Voice Quality, Bluetooth, WiFi, Call Drop']",Google Pixel 9 Pro Fold Review: The End of the Beginning - MrMobile+
neutral,"['Audio Issues, Video Issues, User Experience, Service, Support, Others, Technical, Voice Quality, Bluetooth, WiFi, Call Drop']","Google officially confirms the Pixel 6 series, Pixel 7 series, and Pixel Fold will get an additional 2 years of OS updates+The company has [updated a support page](https://support.google.com/pixelphone/answer/4457705?hl=en#zippy=%2Cpixel-pixel-pro-pixel-pro-xl-pixel-pro-fold%2Cpixel-a-pixel-pixel-pro%2Cpixel-a-pixel-pixel-pro-pixel-a-pixel-pixel-pro-pixel-fold%2Cpixel-a-g-pixel-pixel-a-g-pixel-a-pixel-xl-pixel) to mention that these Pixel phones are guaranteed 5 years of updates - including 5 years of OS and security updates - starting from when they went on sale.This means the Pixel 6 series will get updates to Android 16 and Android 17, while the Pixel 7 series and Pixel Fold will get updates to Android 17 and Android 18.H/T Nail Sadykov"
neutral,"['The provided text does not contain any information regarding the Ice Universe on X, so I am unable to extract the requested data from the given context.']","Ice Universe on X: ""The S25 Ultra will be the thinnest and lightest of all Ultra flagship phones to be released soon, including iPhone 16 Pro Max and Pixel 9 Pro XL.""+"
neutral,"['Audio Issues, Video Issues, User Experience, Service, Support, Others, Technical, Voice Quality, Bluetooth, WiFi, Call Drop']",Pixel 9 Pro XL is one of the top 10 premium phones in the US+
neutral,"['Audio Issues, Video Issues, User Experience, Service, Support, Others, Technical, Voice Quality, Bluetooth, WiFi, Call Drop']","Google officially confirms the Pixel 6 series, Pixel 7 series, and Pixel Fold will get an additional 2 years of OS updates+The company has [updated a support page](https://support.google.com/pixelphone/answer/4457705?hl=en#zippy=%2Cpixel-pixel-pro-pixel-pro-xl-pixel-pro-fold%2Cpixel-a-pixel-pixel-pro%2Cpixel-a-pixel-pixel-pro-pixel-a-pixel-pixel-pro-pixel-fold%2Cpixel-a-g-pixel-pixel-a-g-pixel-a-pixel-xl-pixel) to mention that these Pixel phones are guaranteed 5 years of updates - including 5 years of OS and security updates - starting from when they went on sale.This means the Pixel 6 series will get updates to Android 16 and Android 17, while the Pixel 7 series and Pixel Fold will get updates to Android 17 and Android 18.H/T Nail Sadykov"
neutral,"['Audio Issues, User Experience, Technical, Voice Quality, Bluetooth, WiFi, Call Drop']","Google is starting to roll out Theft Detection Lock, Offline Device Lock, and Remote Lock to Android users in the US+**Edit:** These three features actually appear to be rolling out globally, judging by all the replies I've received!-----I just checked my Xiaomi 14T Pro and noticed that I have [Theft Detection Lock and Offline Device Lock](https://pbs.twimg.com/media/GZF6Q0JXYAAVo3M?format=jpg&name=large) but not Remote Lock. Some Pixel users in the US tell me they have [Remote Lock](https://pbs.twimg.com/media/GZF6S_IXQAAKOA4?format=jpg&name=large) but not the other two.* **Theft Detection Lock** uses a ML model to detect when someone snatches your phone from your hand and tries to run away with it on foot, by bike, or by car. If detected, your phone will automatically lock, blocking unwanted access to your apps and data.  * **Offline Device Lock** automatically locks your screen if a thief tries to keep your phone disconnected from the Internet for an extended period of time.  * **Remote Lock** lets you remotely lock your phone using just your phone number in case you can't sign into Find My Device using your Google account password.All three features entered beta in August, starting in Brazil. Google told me the final versions of these features would more widely roll out this year, and it seems the features have begun expanding.LMK which (if any) of these 3 new features you have!"
neutral,"['Audio Issues, Video Issues, User Experience, Service, Support, Others, Technical, Voice Quality, Bluetooth, WiFi, Call Drop']","Pixel vs Samsung (OneUI) features - Trying to make a list+I'm trying to make a list of what you gain or lose in Samsung's environment versus Google's. This is a list of features I could think of that are on one platform, but not the other. Samsung Exclusives:* **Dex** Desktop Android - ~~Going away in OneUI 7~~ The desktop app is going away, Dex is staying.* ~~**SD Cards**~~ - None of their new phones, after the S20, have SD card slots* **Split audio** - You can pipe one app through one output and another app through another output (e.g. Chrome goes through the phone's speakers and YouTube goes through Bluetooth) * **Game mode** - Little features that make gaming easier, like locking the screen from touches, performance mode, hiding notifications, etc... * **Being able to map double clicking the power button to the flashlight instead of the camera** - This one ANNOYS THE SHIT OUT OF ME on Pixel. Moto let's you karate chop, Samsung let's you remap the power button, Pixel tells you to go fuck yourself even though there are literally hundreds and hundreds of complaints about this on their support forums and reddit. * **All of the Samsung ecosystem** - Bixby, Samsung Wallet, Samsung Find My Device, Galaxy App Store, etc... Not that anyone actually uses any of this. * **Miracast** - You can mirror your screen wirelessly to Roku sticks or any TV (most TVs) that support Miracast.* **Reset phone after 15 unlock attempts** - For some reason even though Apple and Samsung offer this feature, Pixel doesn't. * **Repeat notifications** - If you get a text or something you can make the phone ding multiple times instead of once (this is possible on Pixel with the Buzzkill app) Google Exclusives: ~~* **Call screening** - Unknown callers or people you don't want to talk to talk to Google and you see a text transcription on your phone~~ Bixby Text Call does this  * **Text transcriptions of voicemails** - Visual Voicemail without have to pay for it from the carrier (or use Google Voice)* **Wait on hold for me / Text navigation of IVRs** - Google goes through IVRs and alerts you when a human comes on the line* **Call summaries** - After years of actively blocking call recording (at least in the US) they now let Gemini Nano listen to your calls and make a call summary afterwards (at least on Pixel 9 and above - not on 8a) * **Seamless updates** - Updates install in the background, you reboot your phone, it's installed. Doesn't take 10+ minutes of installing They both have a bunch of AI camera stuff. Mainly the same functionality. It really seems like the unique features are the least unique they've ever been. Things like one hand mode, lock down, work profile, etc... that used to be OneUI exclusives were just absorbed by AOSP/Pixel. I'm sure I'm missing many things - Can you help me fill out the list?"
neutral,"['Audio Issues, Video Issues, User Experience, Service, Support, Others, Technical, Voice Quality, Bluetooth, WiFi, Call Drop']","Starlink satellite messaging support is rolling out to the Pixel 9+Looks like T-Mobile and Starlink are starting to let some Pixel 9 users into the satellite messaging beta.Just heard from two Pixel 9 Pro XL users that they were invited to the beta. When the beta first launched two weeks ago, [it was reported](https://www.pcmag.com/news/t-mobile-begins-cellular-starlink-beta-but-it-only-works-on-these-samsung) that only 5 Samsung models were supported (Z Flip 6, Z Fold 6, S24 series). My OnePlus 13 wasn't accepted into the beta, but hopefully that'll change soon.FWIW: Google has been testing Starlink support on the Pixel 9 for a few months now."
neutral,"['Audio Issues, Video Issues, User Experience, Service, Support, Others, Technical, Voice Quality, Bluetooth, WiFi, Call Drop']",The best foldable photo smartphone? Google Pixel 9 Pro Fold review+
neutral,"['Audio Issues, Video Issues, User Experience, Service, Support, Others, Technical, Voice Quality, Bluetooth, WiFi, Call Drop']",Google Pixel 9 Pro Fold Review: The End of the Beginning - MrMobile+
neutral,"['Audio Issues, Video Issues, User Experience, Service, Support, Others, Technical, Voice Quality, Bluetooth, WiFi, Call Drop']","[Exclusive] Google Pixel 9, Pixel 9 Pro Fold promo material reveals design, specs, AI, and other features+"
neutral,"['Audio Issues, Video Issues, User Experience, Service, Support, Others, Technical, Voice Quality, Bluetooth, WiFi, Call Drop']",Introducing the Google Pixel 9 Pro Fold+
neutral,"['Audio Issues, Video Issues, User Experience, Service, Support, Others, Technical, Voice Quality, Bluetooth, WiFi, Call Drop']","Exclusive: Pixel 9 Pro Fold could be the name of Google's next foldable, not Fold 2+"
neutral,"['Audio Issues, Video Issues, User Experience, Service, Support, Others, Technical, Voice Quality, Bluetooth, WiFi, Call Drop']",Google Pixel 9 Pro Fold review: in great shape+
neutral,"['Audio Issues, Video Issues, User Experience, Service, Support, Others, Technical, Voice Quality, Bluetooth, WiFi, Call Drop']","Google officially confirms the Pixel 6 series, Pixel 7 series, and Pixel Fold will get an additional 2 years of OS updates+The company has [updated a support page](https://support.google.com/pixelphone/answer/4457705?hl=en#zippy=%2Cpixel-pixel-pro-pixel-pro-xl-pixel-pro-fold%2Cpixel-a-pixel-pixel-pro%2Cpixel-a-pixel-pixel-pro-pixel-a-pixel-pixel-pro-pixel-fold%2Cpixel-a-g-pixel-pixel-a-g-pixel-a-pixel-xl-pixel) to mention that these Pixel phones are guaranteed 5 years of updates - including 5 years of OS and security updates - starting from when they went on sale.This means the Pixel 6 series will get updates to Android 16 and Android 17, while the Pixel 7 series and Pixel Fold will get updates to Android 17 and Android 18.H/T Nail Sadykov"
neutral,"['Audio Issues, Video Issues, User Experience, Service, Support, Others, Technical, Voice Quality, Bluetooth, WiFi, Call Drop']","[Exclusive] Google Pixel 9 Pro Fold price revealed; promo images show display size, AI features and more+"
neutral,"['Audio Issues, Video Issues, User Experience, Service, Support, Others, Technical, Voice Quality, Bluetooth, WiFi, Call Drop']",[Exclusive] Fresh Google Pixel 9 Pro Fold renders show complete design and colours+
neutral,"['Audio Issues, Video Issues, User Experience, Service, Support, Others, Technical, Voice Quality, Bluetooth, WiFi, Call Drop']",Be gentle with Googles new Pixel 9 Pro Fold.... YIKES!+
neutral,"['Audio Issues, User Experience, Service, Support, Others, Voice Quality, Bluetooth, WiFi, Call Drop']",Exclusive: Google Pixel 9 Pro Fold ditches its unique form for a taller display+
neutral,"['Audio Issues, Video Issues, User Experience, Service, Support, Others, Technical, Voice Quality, Bluetooth, WiFi, Call Drop']",Google Pixel 9 Pro Fold review+
neutral,"['Audio Issues, Video Issues, User Experience, Service, Support, Others, Technical, Voice Quality, Bluetooth, WiFi, Call Drop']",Pixel VPN by Google going live for 7/Pro and Fold owners on beta+
neutral,"['Audio Issues, Video Issues, User Experience, Service, Support, Others, Technical, Voice Quality, Bluetooth, WiFi, Call Drop']",Pixel 9 Pro Fold Review | Google vs Galaxy Z Fold 6+
neutral,"['Audio Issues, User Experience, Service, Support, Others']",Exclusive: Google Pixel 9 Pro Fold will be much thinner than Galaxy Z Fold 6+
neutral,"['Audio Issues, Video Issues, User Experience, Service, Support, Others, Technical, Voice Quality, Bluetooth, WiFi, Call Drop']","Starlink satellite messaging support is rolling out to the Pixel 9+Looks like T-Mobile and Starlink are starting to let some Pixel 9 users into the satellite messaging beta.Just heard from two Pixel 9 Pro XL users that they were invited to the beta. When the beta first launched two weeks ago, [it was reported](https://www.pcmag.com/news/t-mobile-begins-cellular-starlink-beta-but-it-only-works-on-these-samsung) that only 5 Samsung models were supported (Z Flip 6, Z Fold 6, S24 series). My OnePlus 13 wasn't accepted into the beta, but hopefully that'll change soon.FWIW: Google has been testing Starlink support on the Pixel 9 for a few months now."
